id,username,name
13,biz,Biz Stone
20,ev,Ev
295,joshk,Josh Kopelman
18331008,_martind,Diego Martinelli
1081,davemcclure,Dave McClure
17826962,AlexElsea,Alex Elsea
102761770,cgiustozzi,Corrado Giustozzi üáÆüáπüá™üá∫
16254670,tubaz,tubaz
216009011,choutimothy,Timothy
36702552,exafutures,ExaFutures(CircleMe)
14158736,batdevis,batdevis
174588402,doctorcrowd,doctorcrowd
6029822,Giorgiosoff,Giorgio Soffiato
378539266,PatSquarcini,Patrizia Squarcini
43520040,emyrddin,Marco Manenti
2485653619,IZBERG_MP,IZBERG Marketplace Platform
38277347,CloudQueryDN,Cloud Query
28315879,lucatremolada,Luca Tremolada
40899595,TTintheCloud,SearchCloudComputing
12588522,slevin,Luky Number
1041241933,Pstsilasokon,Pstsilasokon
5993,jsalmon,James Salmon üì±ü•ü‚ùÑÔ∏è
6140,brady,brady forrest
3847231697,ElectricCarHome,ElectricCarHomepage
97524476,eawhippo,Liz Whippo
3981450034,deepcode00,Deepcode00
6979,tewfiq,tewfiq
1610096444,Ondesco,Ondesco
2983206962,USDS,U.S. Digital Service
126886052,funcoffebreak,Marco Vigan√≤
608706939,velicia1010,Velicia veli
2311070331,Jayzsavage,S‚Ä†√•r√ü√∏√ø_J√•yz¬∞
15738236,ziobrando,Alberto Brandolini
2348819844,MatteoGallone_,Matteo Gallone
10078,reidhoffman,Reid Hoffman
2572691352,outworkers_uk,outworkers
490744439,Liliantwister,Liliantwister
234367648,euroinconsult,Dino Bongiovanni
101722817,ReTwitta3,ReTwitta3
11414,ryanstewart,Ryan Stewart
11684,gregarious,Gregarious Narain
93859678,KyserByte,Augusto Paceüë®‚Äçüíª
17838032,asmartbear,Jason Cohen
7876622,giasone,Giasone
54528046,wavefactory,Wave Factory
135278870,berryfeels,Enrico Sorge
72888855,RichardBarrow,Richard Barrow in Thailand üáπüá≠ üá¨üáß
96558515,BOBSINM,Mark Bobsin
30421826,truthtrap,Jurg van Vliet
23081953,Kelset,Lorenzo is trying his best
13366,BryanStarbuck,Bryan Starbuck
100676718,codeeval,CodeEval
20460664,_r00,r00
15217809,riggasconi,Sebastiano Scr√≤fina
2597860666,adebola_patrick,adebola patrick
13737,noahkagan,noah kagan
93861434,gvannuccini,Gianluca Vannuccini
9451172,zimakki,zimakki
63452993,pierpablo,Pier Paolo Petrella
249575340,kristinanugent,Kristina Nugent
19226282,rivimont,Chris Riviere
268974242,stevevinoski,Steve Vinoski
14763,ryancarson,Ryan Carson (he/him)
116831324,abdocnet,abdoc
992492239,lucabonuc,Luca Bonuccelli
3686561,JasonLBaptiste,Jason L. Baptiste
89669808,nivio,nivio
73228327,pedrosanches29,Pedro Sanches
97535355,svzdvd,D
9455742,joelreymont,Joel Reymont
803694,mikeolson,Mike Olson
76040832,rivistarino,Rinoceronti
3382,hnshah,Hiten Shah
196104078,geeordanoh,Giordano Tamburrelli
627593405,TwistPics,TwistPics
2467844682,AdHocTeam,Ad Hoc Team
47731564,wbengtson,Wellington Bengtson
82859022,__ce,Cesare D'Amico
21693,Folletto,Erin 'Folletto' Casali
231232965,whitetruffle,Whitetruffle
7955392,RosamundaCentro,RosamundaCentro
406869976,PaoloGentiloni,Paolo Gentiloni
23091477,mamicamiami,ma mica mi ami
228088111,DustinBry,Dustin Bryant
18373424,llanzellotti,Loris Lanzellotti
357063589,massimosideri,Massimo Sideri
19422141,PierMucelli,Pier Paolo Mucelli
27529062,cloudEq,CComputing Eqentia
737953891,PiccyBankJS,Piccy Bank
222846699,9787918844,vinothkumar
9985802,billinman,Bill Inman
24503,Bonanzinga,Roberto Bonanzinga
15753231,karlnorling,karlnorling
11559032,jfahrenkrug,‚íøohannes ‚íªahrenkrug
146105775,SenseableCity,Senseable City Lab
460503866,ottatama,Carlotta Tamassia
1181489674885447681,BerbeceRadu,Radu Berbece
2729971939,amitkaveeshwar,Amit Kaveeshwar
15754731,alyu,Alex Yu
14182110,confreaks,"Confreaks, LLC"
2437441334,Jobbatical,Jobbatical
988834344,jesusmylifeDC,jesusmylife
257977088,aforni,Andrea Forni
317221902,Ila4punto0,Ilaria
8940732,reborg,reborg
14183691,evarley,Elizabeth Varley
379612830,teslagigs,Tesla
98594656,playme_api,playme_api
16432494,opatan,Opatan | ÿßŸæÿßÿ™ÿßŸÜ
16806733,AnisaRula,Anisa Rula
1117287463,FondAgnelli,Fondazione Agnelli
18904265,paul_houle,paul_houle
9467132,ylluminate,ylluminate
2720036571,softinstigate,SoftInstigate Team
1079291,blueshome,blueshome
1329276805,nashebalawes,Nasheba
529562963,OpenContent_IT,Opencontent
1411415761,StartupEventsIT,Startup Events_IT
6324102,jonrohan,Jon Rohan
17334287,_KingOfCoders,Stephan Schmidt üöÄ
124289177,paolo_mm,paolo maioli
130580971,giovannigentili,Giovanni Gentili
498631199,ayirpelle,priya joseph
33493,peterc,Peter Cooper
707822660,silvanadavanzo,LaSly
29191043,_gesposito,Gianluca Esposito
29394734,yorktsai,York Tsai
14714806,elastra,Elastra
14190527,marcobrambilla,Marco Brambilla
2207287990,wboenink,Willy Boenink
169904826,agriffini,Andrea Griffini
253266820,cargopooling,Cargopooling
280529928,24ampVLC,24amp
11570272,rolandtritsch,Roland Tritsch
14716068,ildella,Daniele Dellafiore ‚ö°
60329317,mobileinnov,Mobile Innovations
2756742717,sandrokion,Sandro Cacciamani
386436721,RadioKaosItaly,Radio Kaos Italy
1332776581,ScoutCooks,Scout Cooks
17862948,cloudberryman,cloudberryman
220238572,irshadsoorinje,Irshad
714118046,FDMestieri,FDMestieri
26776603,mufumbo,Rafael Sanches
3060306994,iteratorshq,Iterators
37983,curlyjazz,Jasmine Trabelsi
43554201,Sendmail,"Sendmail, Inc"
388011982,lou_oso,Louis Vera
268474333,mariaskisses,Maria Cris
15123465,paolomobile,paolo spada
212899896,impossibliving,[im]possible living
79730794,MarcoTurchini,MarcoTurchini
801397011979309057,maurocapo2016,Mauro Capo
1900059008,alisonpark1_1,Alison Park
862937581608218624,DesignersITA,Designers Italia
58760325,simonecasc,Simone Casciaroli
2137371,lalui,Luigina Foggetti
147889932,antoniosgobba,Antonio Sgobba
73441576,simplecloudapi,Wil Sinclair
3290997363,mattiagnd,Mattia Gandolfi
59810703,abta78,Abraham Taherivand
1649976218,This_Wild_child,;jŒ±z'quot‘ës;‚ô•'
1123067078,ArchitectaIA,Architecta
14198153,wllm,Wil Sinclair
94414262,nitin_dhar,Nitin Dhar
15246915,dirkmeister,Dirk Meister
876361137587200000,xavi_gri,Xavi Grimau
15211511,zackg,Zack Gottlieb
1904781277,andrea_licata,Andrea Licata
15247734,OlfaSoudani,OlfaSoudani
16820641,tlipcon,Todd Lipcon
2173741783,royluis5,Royluis Rodrigues
9481242,ostinelli,roberto ostinelli
954772711,TebogoSunluv,Tebogo Phoshoko
76590685,NachodePinedo,Nacho de Pinedo
60862485,puccALE,Alessandra
21017084,Jessica_V_,Jessica Venturini
57717262,essynick,cloudgirl
4240081,4everyoung,Adriano Gasparri
1020379484833361920,ConfsTech,Confs.tech
16299390,joe_travaglini,Joe Travaglini
230733497,MbekwaXola,HeiLoxUda
60340043,djidja8,√êi√ê‚àÜ
15124802,ginablaber,ginablaber
4913150573,ofertasprat,Ofertas Prat
17349466,Taoufik_,T
104905584,ciuster,giuseppe becchi
39369931,dmandelin,Dave Mandelin
48443,jeffbarr,Jeff Barr ‚òÅÔ∏è
2715860740,janwinter15,Jan Winter
864348730597580803,PNO_IT,Ciaotech / PNO
1085622176705855488,lightitsoftware,Light-it
14206068,tlrobinson,tom robinson
5817982,itomi,Antonio Moro
13682312,adamhjk,Adam Jacob
125400714,fabiomoioli,Fabio Moioli
8963902,jexe,Jesse Boyes
51233,emadb,ema
17877913,andreademarco,Andrea De Marco
5819682,tyke,Tyke Lewis
14208571,DDubie,Denise Dubie
1920520189,splendidum1,Splendidum
3234385929,shalezaaise,Shaleza Aise
31510571,lyouseff,Lamia Youseff
257478791,habidbajwa,Abid Munir Bajwa
597217495,deliciousossom2,Dedo
35181295,e4rendil,Leo Maria Miliacca
66114460,fra_aledda,francesca aledda
19452927,cdewaka,Chathura Colombage
54580231,marcopor,Marco Porcaro
66114621,marcelloorizi,Marcello Orizi
470340881,JpProduc,Jp producciones
29414761,mccalv,Mirko Calvaresi
346609008,StapletonSays,Michael Stapleton
116446638,inge4pres,Francesco Gualazzi
123262710,PratelliEdoardo,Edoardo Pratelli
20019530,Superscout_Stef,Stefan Debattista
16308202,ascatox,Antonio Scatoloni
9269,simon,Simone Brunozzi
80271961,DaveWBaldwin,Dave W Baldwin
1104711,HenryR,Henry Robinson
587259442,filer_io,Filer.io
47767869,karenbachmann,Karen
176742741,laZuck64,LaZUCK
113303993,MarcoStreparava,Marco Streparava
253289597,JP_Stringer,JeanPhilippeStringer
35185878,DailyCloud,Daily Cloud
133752240,vjygan,Vjy Gan
929654640668499968,andreacoslovich,AndreaC
12767492,clintnelsen,Clint Nelsen
486811325,StartupYM,DejairOliveiraFilho
24176911,slyss,Stefano Silvestrini‚Ñ¢
159443284,totttemo,Leslie  Lee
8972682,BloggerMann,James Mann
9497072,perugini,Luca Perugini
35187259,RoundRobined,Round Robin Editrice
19460242,charliedavis,Charlie Davis
7088192,VALEGINGER,VALENTINA
118027034,ProdeJacques,Monsieur Bronson
14218186,Recessionista,Mary Hall
80278539,ideaTRE65,ideaTRE65
151581782,_matteotroia,Matteo Tro√¨a
1530984146,catchstaff,Catchstaff.com
3209081,paolo_barberis,Paolo Barberis
1387329571,SlimStijoRSA,#DodiSeasonAlbum
21035114,fabiodisconzi,fabio disconzi
221838349,Austen,Austen Allred
7404632,lucadebiase,Luca De Biase
2184248873,candywonderboy,candy wonderboy
9502592,eventure360,"Eventure 360, Inc."
309865166,stefciprian,sch
310444301,yoditoapp,Daily Path app
3949527562,albgiusti,Alberto Giusti
127468519,pixus_ru,Ivan Kold
66651128,mauricannizzaro,Maurizio Cannizzaro
41116002,oliveriogentile,Oliverio Gentile
705234222,ayandamwale,Ndlovukaziüëë
33097111,startup_school,StartupSchool
2688531,TallMartin,Martin Buhr
3188262614,netmedxpress,TELEMEDICINE
8980232,ApacheCon,ApacheCon
68153,spidaman,Ian Kallen
194054816,tonnoz,tonnoz
10029732,mok_oh,M
11078352,epiccolotto,Edoardo Piccolotto ‚ö°
2888895350,USCTO44,Megan Smith -Archive
845745302,joyofapis,We ‚ô• APIs
2690831,ymangum,Y Mangum
19468549,Facens,Andrea Giannangelo
1118681,sethladd,Seth Ladd
177804088,avalonxy,avalonxy
30333092,io_floriano,Floriano Bonfigli
98112498,rzanardelli,Riccardo Zanardelli
13177912,peppilittera,Peppi Littera
336139567,alessiopetracca,Alessio Petracca
806789651251924992,sciabarracom,Michele Sciabarra
330897864,m_bonera,Michele Bonera
24713726,Veridictus,Bill Mottram
7936922,cloudify,Federico Feroldi
602479535,mamistretta77,marco mistretta
10061072,jackmaltese,jackmaltese
19996290,andyellicott,Andy Ellicott
73583,pedrocustodio,Pedro Cust√≥dio
17899712,Kevin_Jackson,Kevin L. Jackson - Educate. Consult. Engage.
33104659,ShaneAParrish,Shane Parrish
51455061,raffaelerossi74,Raffaele Rossi
112797539,marcellotu,Marcello T.
2152802384,measurence,measurence
486091010,spompnews,SPOMP
600483,tommaso,Tommaso Sorchiotti
3802737736,giuvir1999,Giuseppe Virgone
215145657,jsconfit,jsday - JS Italian Conf
435235970,Mte90Net,Daniele Scasciafratte  üáÆüáπ
130938173,teamaxura,Axura Srl
77053,lalaura,laura
1138308091,MelissaFeudi,MF
65090719,alepuzio,Alessandro Puzielli
2900440577,CodemotionWorld,CodemotionWorld
1251488684,Tedeschi_Dev,Stefano Tedeschi
110179860,ScrapyProject,Scrapy
121714268,oneguy0018,One regular guy
7943872,michaelemeyers,michael e meyers
4841355035,andrei_conache,Andrei Conache
93927883,sonicaghi,Aghi
855552702822133761,KatNovakovic,Katrina Novakovic
101793383,avanscoperta,avanscoperta
81346460,mostlyagata,Simona Bertoglio
267469345,FIWARE,FIWARE
93162292,nonebutrecovery,marcella daniele
1109950695409500160,Patrick88646145,Patrick Williams
197739462,staymedlar,Medlar
422134762,sim0m,Simone Marino
2366194867,18F,18F
1254984590,gesigieliefies,Rosa Engels
14239280,francodenari,francodenari
38356648,renilzac,Rzac
9520862,premsankar,Prem Sankar G
89738262,sdivad,David Laniado
18975975,haggie01,Paul O'Hagan
19485315,engagetweet,Engage
315198963,RobertHckl,Robert H√§ckl
15291957,mikehenrty,Michael Henretty
147937229,MikeonBryant,Michael Flannery
3114883197,gotsprout,got sprout ?
946952708,AleMajoni,Alessandro Majoni #FBPE
35215991,Expo2015Camp,Expo2015Camp
29973238,federico_f,Federico Feroldi
68246760,emas80,Emanuele Massara
614023,magno,magno
309944145,Daniellenddre3,Danielle
132210598,Procentese,Antonio Procentese
243360038,HPE_DevCom,HPE Developer Community
365519162,paocarnival,paolo carnevale
93413851,liscazza,EstremeCalm
131163262,danieleludovici,Daniele Ludovici
14247664,abahgat,Alessandro Bahgat
14248082,howardabrams,Howard Abrams
270635447,ScoutLifeLLC,ScoutLife
18103450,stefanosala,Stefano Sala
112290748,farnamstreet,Farnam Street
617683,caludio,Claudio Cicali üá™üá∫
2557045999,iotnexus,IoT Nexus
584150578,TheEntrepGroup,The Startup Group
99708558,urustar,Urustar
72804363,SteLicS,Stefano D'Alessi
143749458,shatsar,Michele Zonca
1150382514,votoio,votoio
42745373,fsimoneschi,Francesco Simoneschi
15300225,macjacktw,macjacktw
14775997,liquid1982,Vincenzo Acinapura
24213330,mapteo,Matteo Zobbi
15300610,ChrisCinelli,ChrisCinelli
14958257,isaachall,Isaac Hall
78659272,RASSonline,RASS
77167529,Herbetrot,Daniele Marconetto
32603102,salvomizzi,salvo mizzi
9534502,peteringram,Peter Ingram
621713,robinwauters,Robin Wauters
14253377,s_partikolari,Segni Particolari
166297268,MMariaClaudiAA,Maria Claudia Bodino üá™üá∫
52002551,lucnap,Luciano Napoli
210780167,buddytouch,sevenearly
125403540,_YC,Yosu Cadilla „ÉÑ
793014068105711616,BeginningFeed,BEGINNING World Feed
255952155,_meghadri,Meghadri Ghosh
14256250,imathis,Brandon Mathis
625053,marcovena,Marco Venanzi 
65637148,x0rg,Raffaele Di Fazio
18975943,johanaludden,Johan Aludden
626163,lucamascaro,Luca Mascaro
626233,absolutesubzero,Emanuele Quintarelli
108630188,sebmuller,Sebastian Muller
28414273,GliAffidabili,GliAffidabili
5870022,MarcKBoucher,Marc Boucher
17404516,dantmurphy,Dan Murphy
627303,kastner,Erik F. Kastner
15307632,smizio,Stefano Mizio
3508638741,MoxxiiStrategy,Moxxii
628413,dottavi,Alberto D'Ottavi
104203,montemagno,Marco Montemagno
425302105,aloadisa,alorantiadisa
14261384,lorenzograndi4,lorenzo grandi
16883065,davidebarison,davidebarison
2314838158,Jay_P_Eazy,Anathi jack
2585895078,ConnectAuto2016,ConnectedAutomobiles
5873992,gicappa,Gian Carlo Pace
91857633,marceloroyan,Marcelo Royan
23261491,dukeofgaming,David Vega
14264305,QwertyValentine,Valentina Manchia
40478873,giupan,Giuseppe La Tona
923379961,Kay_Flayy,kay-lynn michelle lodewyk ‚ô•
49916228,Duncan_ita,Riccardo Lucatuorto
2730791,mkapor,Mitch Kapor
14789629,googleio,Google I/O
25799691,dr0nequeen,Anna-Chiara Bellini
5876772,sullof,Francesco Sullo
469347533,guidoiaquinti,Guido Iaquinti
16362754,kiaroscuro,ivan vaghi
273264108,stefontanelli,Stefano Fontanelli
100773976,pietroalberto,giovanni palillo
61453422,phpday,phpDay by GrUSP
87667846,enricopiovesan,Enrico Piovesan
164738621,brianxq3,Brian Morton
70366847,BeatVLC,Beatrice Tagliaferri
91339015,giudantonio,Giu D'Antonio
17940142,simonagp,Simonagp
177324147,CiscoEngineers,Maher Abdelshkour
81903790,carlangelini,Carla Angelini
937541844,MakerFaireRome,Maker Faire Rome - The European Edition
216121632,Kevin_Jaskowiak,kevin jaskowiak
42058940,proudlygeek,proudlygeek
14796100,conikeec,chetan conikee
131188486,giuseppemiceli,ferdy
103401319,maur8ino,Mauro Verrocchio
301582426,SimoneBonavita,Simone Bonavita
5524512,rainbowbreeze,Alfredo Morresi
8505992,MattiaBallan,Mattia Ballan
4869180244,containerdayit,Container Day
75090935,WSREST2010,WS-REST 2010
23186799,e20forum,E2.0 Forum
1021508827546636290,AlessandriniOTC,Marco Alessandrini
243388430,fededadone,Federica Dadone
2865877013,ebmsolution,EBM Solution
1470472909,chiedicelo,Chiedicelo
43634936,zeroxsys,ZEROXSYS
1400492430,Ultimate_Blizzy,Ultimate Blizzyüî•
1224331884,PrintMyFeed,PrintMyFeed
43111060,meedabyte,Simone Cicero
406967171,esegine101,Naomi cyril
48354360,kaaaki,Kaaaki.com
14275661,stacktrace,Stacktrace.it
833606788981342208,devdayit,DevDay
2258753516,sevenquests,Seven Quests
49404090,ideato,ideato
47306992,davidjbutt,David Butt
17422642,hackUp,Hack-Up
369220039,IAutographs,Instant Autographs
15850897,opencommon,OpenCommon
722884592374448128,ueditoraa,ueditoraa
550100839,SSSeef,Serafina Parrotta
647043,androm,Andrea Romoli
808976659743391744,MARKETINGSENS3I,MARKETING SENSEI
2741522481,Iamchris_kyrian,Chris kyrian ify
14278978,ericries,Eric Ries
15851997,mikispag,Michele Spagnuolo
140108433,angustweets,angus üöé
307880594,Cutieebony26,Thomas Olamide
12706612,lucamarrocco,LucaMarrocco
14804108,lucaconti,Luca Conti
21095868,asemantics,Asemantics S.r.l.
195684037,stackops,StackOps
20048140,thespite,Jaume Sanchez Elias
2653546808,pilaranadon13,Pilar Anadon
21079776,thekonginc,Kong
999578121123848192,GiuseppeConteIT,Giuseppe Conte
42593374,GamesNation,GamesNation
14806188,Janrain,Janrain
3655987414,BlinkStartups,Blink Accelerator
390721955,dellasierrafra,fracia
598864335,PhashaLee,2üë©‚Äçüéì19...
9040342,rlucia,Rocco Lucia
19002346,adamhrv,Adam Harvey
48362514,tizianacavallo,Tiziana Cavallo
2404512898,gr_mars,Roberto Marseglia
104966372,lucalanziani,Luca Lanziani üåç
16012261,olafgeibig,Olaf Geibig
75102544,johnpolacek,John Polacek
233961811,entrestudio,Jeremy
2563373584,NeoThobeka,NaSibanyoni_Neo
16907166,dn2k,Enrico Rubboli ‚ö°
654283,ztomiolo,Zeno Tomiolo
48888800,Nick981,Nick Bragg
654443,danailon,Danilo Maurizio
614597115,harrisonamajuoy,harrison amajuoyi
3277831,mb_ins,Matias Insaurralde
859440150,paperbanana_com,paperbanana
381289719,nntaleb,Nassim Nicholas Taleb
15925466,eddieyoon,Edward J. Yoon
326239526,__andreac__,Andrea Cappelli
91380029,martinapennisi,Martina Pennisi
572131598,Patinnova,Patinnova
2154957138,Liza_Ova,Liza Ova
24775410,sequoia,Sequoia
985569242731941889,rev3rsesecurity,rev3rse security
66719212,pigats,Andrea Pigato
14290415,DavidGRichard,David Gerzof Richard
17960539,alexpagnoni,Alex Pagnoni
395972891,GiorgiaLodi,Giorgia Lodi
275911310,m_melchionda,Michele Melchionda
503452485,fra95it,Francesco Pilittu
13243282,sklivvz,Marco Cecconi
2288653218,PyImageSearch,Adrian Rosebrock
41555096,BlackMouseLab,Francesco Pallanti
3225031929,e_Residents,e-Residency: Estonia
829376839957217281,Marber_71,Marco Bernardini
909100228392964096,simontigerh,Simon Tiger Houben
790911164683284480,GeeksAcademyEu,Geeks Academy
6428522,alexdeve,alex deve
9050102,lleboucher,Laurent Leboucher
467425695,IGXGlobal,IGXGlobal
736861968850690048,m_spalletti,Mariano
8526432,wycats,Yehuda Katz ü•®
43129645,WorkspaceONE,VMware Workspace ONE
21109724,ilmago,Alessandro Piol
22683023,arcivirale,Arci Virale
106045844,matteococciardo,Matteo Cocciardo
306324564,peterampazzo,Pietro Rampazzo
17062759,apaipi,"Aino Vonge Corry, PhD"
5965332,davidlee,David Lee
1361192095,Consulenza_Agr,ConsulenzaAgricola
19539314,kasthomas,Kas Thomas
581576674,Answergen,Answergen
1128360951500111873,NoiPA_social,NoiPA
18492996,CreativeGale,CreativeGale
13250122,rickytato,rickytato
43134838,pattidock,Patti Dock
75640869,gfusina,Giacomo Fusina
15872343,nmicic,Nenad Micic
84030361,pythonyan,Tony Pierascenzi
493499413,ojuncosa,Oriol Juncosa
389690683,raffutz,‚ò£Ô∏èR@ff‚ò£Ô∏è
87701025,yokkunsen,Yohei Sato
890225957843423232,TopNetworkSpA,TopNetwork SpA
17970909,duartej,Jo√£o Duarte
258094916,egolluscio,Elizabeth Golluscio
750668586084077568,conio,Conio
1897020504,GiulioCanti,Giulio Canti
132267170,daniele_gio,Daniele Giordanello
21338690,TheOppositioner,Albert Bussolino
33177902,metissagelamp,Metissage Lamp
25838602,Steve_Ridout,Steve Ridout
18498684,wefollow,Wefollow
34228402,virgiliofailla,Virgilio
100288941,paoloduina,Paolo Duina
43141694,alessiopaolucci,Alessio Paolucci
14830884,capotribu,Marco Abis
675383,cphp,Francesco Trucchia
3173365685,patriziamaldini,patrizia
49133677,guidoscorza,Guido Scorza
1200851,slazar,Spencer Lazar
14309171,dustonio,Dustin Overbeck
15229928,gabro27,Gabriele Petronella
54155159,prestiamoci,Prestiamoci
76699639,Persulla,Francesca Piazza
118642717,intalioapac,Intalio APAC
312629452,SimonePuksic,Simone Puksic
105535811,martafioni,Marta Fioni
1186617788,gazupo,Gazupo
350379608,DEFCONWSALERTS,DEFCONWarningSystem
58875883,ogervasi,Osvaldo Gervasi
361609919,Beauty_Grls,Belleza Femenina
125985188,fpaparoni,Federico Paparoni
15884764,r39132,Sid Anand
541746334,HafsaBandak,Hafsa Bandak
330458525,marcorisi87,Marco Risi
797340088917032961,codeboardtech,Codeboardtech
437413714,EarlyMorningDB,Digital Breakfast
42625208,aws_code,Gilad Khen
6973692,asterixcapri,Alessandro Astarita
1542613898,eugene_59947,Eugene Raludzingana
5925862,palbi,palbi
5925872,Danielealberti,Daniele Alberti
216644809,caseditalia,caseditalia
5007261,elia,Elia (Õ°¬∞ Õú ñ Õ°¬∞)
19033970,alanklement,Alan Klement
16936869,NoPlateaus,No Plateaus
241024381,AleColarizi,Alessandra Colarizi
40006078,rmformulafuturo,Roma Formula Futuro
19558883,Vantage_SN,Vantage Sport Nutrition
9073172,Mikamai,Mikamai
886616807586627584,jackdbd,Giacomo Debidda
227701343,Weecod,Weecod
316830413,glorialombardo,Gloria Lombardo
2528277276,BenGeneration,BenevolentGeneration
33191002,davide_cerbo,Davide Cerbo
367162886,m_franceschetti,Matteo Franceschetti
685883,gianusa,ilgianuz #facciamorete üáÆüáπ
9599342,felixge,Felix Geisend√∂rfer
686543,davidcasalini,David Casalini
687033,onigiri,Emanuel Carnevale
112885088,ContinuityApp,ContinuityApp
9076092,Gioiacommunica,Gioia Feliziani
14319005,rawbee,Robby Abaya
592608868,NextMoneyEurope,Next Money Europe
57311083,Juniper_UK,Juniper Networks UK
225083493,cristiangutisk8,Cristian Guti√©rrez S
62767143,plunchete,Ignacio Andreu
450003237,AbsoluteJokers,Absolute Jokes
20087255,ReinventMobile,Reinvent Mobile
87196235,F4bri92,Fabrizio Pi œÄ
2772599410,max_1966,Massimo Bosco
92439513,BICloudSoftware,BICloudSoftware
231376137,afocareta,Alfonso Focareta
8029522,ale_prioni,Alessandro Prioni
904037894,jobstobedone,Jobs-to-be-Done
15931054,sensiblecloud,Sensible Cloud
33196091,beppesevergnini,beppe severgnini
632981730,expopixel1,ExpoPixel
906971033881780226,w4lly90,wally
1435142707,Newsshoter,Newsshoter
28479684,deadroxy,Johanna Brewer
366120147,GianniSinni,Gianni Sinni
19041500,hadoop,Apache Hadoop
172780930,cloudscene,cloudscene.net
87725458,StartupDigest,Techstars Startup Digest
14325483,mikethetrader,mikethetrader
28481971,A3aanL,Adriaan Ligtenberg
402299534,FParolini,Fabio Parolini
303733787,RobertaBavaro,Roberta Bavaro
5414162,CeC,Charlie Catlett
420507548,ViolaRoberto,Roberto Viola
26592520,piccoloaiutante,Mik
2654324068,Sport12Amber,Amber
814477483777159168,hackersembassy,üáÆüáπItalian Hackers‚Äô Embassy
14328339,thione,Lorenzo Thione
128624009,StrategyInCloud,Strategy In Cloud
3319421,stefanomainardi,Stefano Mainardi
97691944,handcraftedSw,Handcrafted Software
519744095,alranel,Alessandro Ranellucci
15903882,weppos,Simone Carletti
6990992,montaz,Marco Montanari
6991052,pietrolambert,Pietro Lambert
15280381,elmar_g,elmar_g
2922033494,PermacioRishi,Rishi Permacio
2460660255,DesterroSil,Ronaldo Desterro Sil
244494935,michelebologna,Michele Bologna
59421738,hornetq,HornetQ
39498899,enomaly,Enomaly Inc
403294463,DaniMartosSMN,Dani Martos
14858300,diegopia,Diego Piacentini
1216526486,andrewbrinded,Andy
1015199905,LauraGiunti,Laura Giunti
3221404505,DATABIZit,databizit
15383800,hungryblank,Paolo Negri
149601881,escounpo,Francesco Prandi
325238482,maxdpointgroup,Massimo Fiorenti
77250439,bianchi74,Marco Bianchi
22200273,AbsolutePerform,Absolute Performance
99270969,ilMal3,Rosario Leonardi üá¨üáßüá™üá∫üáÆüáπ
108708894,FedeClemenceau,üòç Fede Clemenceau
1122073356285640704,MIEntrepreneur1,MIEntrepreneurs
108709377,Felasquez,Nicola Felaco
90883749,paulfeaviour,Paul Feaviour
59426550,renzogiust,Renzo Giust
240306053,dailyxyz,Daily XYZ
17484079,Bauno,Bauno
1231161,1lucas,lucas
21678769,ibabbs,Isaac Babbs
623561710,S_Fumagalli,Stefano Fumagalli
15234979,rgeorge28,Ray George
404410409,matteo_desanti,Matteo De Santi
507171003,ades_tweets,Adrian Solitander
5427422,quinta,Stefano Quintarelli
887306993203118082,geraldinemalla6,G√©raldine Mallais
1057682298294943744,Snap4City,Snap4City
232969422,Francesco_Magni,Francesco Magni
14865840,AndreaDenaro,Andrea Denaro
7001612,mbryzek,Michael Bryzek
3176751,shashashasha,sha
76732676,OggiSposi,Oggi Sposi
2383600026,AgidGov,AGID
19061170,dorkbotmilano,dorkbot_milano
53664986,cnzpll,Cinzia Pellegrino
45800945,pasine,Paolo Sinelli
3224559125,FPA_net,FPA - FORUM PA
26402353,RedTrucking,Red Truck
4254366323,graut_timbeta,Alan Machado
273342714,DEF_Global,DigitalEconomyForum
7528722,ilvecchioalex,ilvecchioalex
93512222,cdavidson825,cdavidson825
34267892,Ansiageddon,Nicol√≤
126018308,benwtr,ben
3062555560,King_Jewels,daRealJewelMasule
15393885,accavdar,A. Cetin CAVDAR
19588475,timwcap,TIM WCAP
61007239,scurioni,Silvia Curioni
16967217,davidnwelton,David N. Welton
16721548,MaxMauriello,Max Mauriello
1024649342,bleach_zangetsu,Ichigo Kurosaki
129689747,nkmacana,Can Ma
1699408056,alejandrita_249,‚ô•stephanie‚òÖ franco‚Ñ¢
134408634,vincenzo,Vincenzo Di Nicola
1660611433,manojvarmamkv,manoj kumar varma
3862121,dustinwhittle,Dustin Whittle
97709866,peo1975,Matteo
83554278,the_pavonz,Andrea üï∫ Pavoni
250277874,appminisites,Appminisit.es
38989927,mishachellam,Misha Chellam
2436034951,MB_Partners,MiddleBridgePartners
46330400,giodaddabbo,Giovanni D'Addabbo
4818399903,Coindustrio,COINDUSTRIO.COM
14348984,DavidByrd,DavidByrd
51049452,FiloSottile,Filippo Valsorda
184742981,andreasica_,Andrea Sica
18019481,miriamtuerk,Miriam Tuerk
18019867,BASES,BASES
10680142,fosdem,FOSDEM
38467642,fatmatto,/fat üíÄü§ñ
87750885,CyG_IT,CyG_IT
34273668,fra_cas,Francesca Castelli
46332443,KyleSamani,Kyle Samani
351468077,StefanoUbaldi,Stefano Ubaldi
2936208109,JustDotJobs,Just.Jobs
141229013,ilwoody,ilwoody
16448801,amplug,Arno Plug
303759149,spiritseek,swati nair
998564759124566022,datalifelab,DataLifeLab
2650996669,TheIBMMSPTeam,The IBM MSP Team
222495080,WillemIndigo,Willem ter Harmsel
224068127,Kid3012,Hiep Nguyen
19071642,RomagnaBizClub,RomagnaBusinessClub
135987908,ericjulia8,Eric Juli√†
22742048,ApacheSolr,Apache Solr
722073,antoniomolinari,antonio molinari
2876442072,gabgiugliano,Gabriele Giugliano
881001960,LGmarangon,Luigi Marangon üáÆüáπüá™üá∫ #FR #facciamorete
3422226226,CARDO_AI,CARDO
156960880,DellTechItaly,Dell Technologies Italy
199113,lucat,Luca Terzaroli
133368454,andrew_chen,Andrew H. Chen
15403813,ldomhl,Michael Lodi
724493,jodosha,Luca Guidi
920792691147001856,PasqualeSpica,pasquale spica
2822431,freyfogle,Ed Freyfogle
5968532,Serafo_Newsound,Serafo
51057658,sciarp,Donato
3417511319,giuseppeliistr0,Giuseppe Liistro
6494002,mickael,Micka√´l R√©mond
3749910328,IngDanItalia,IngDan Italia
813373268,CloudandItaly,CloudandItaly
939955043721207808,DorisLeatherla2,Doris Leatherland
46340278,audiodtouch,Audio D-Touch
6494962,marchinovox,Marco Poledri üïâü§òüèª
169548538,jointeco,Jointe Networks
594746113,EricVicenti,Eric Vicenti
13901392,zinanni,Simone Zinanni
8592732,swardley,Simon Wardley
348332062,bepperavasi,Giuseppe Ravasi
488841582,mpgiov,maria pia giovannini
765195398587805696,LaLestofante,Piperita Patty #FBPE
86188783,am3tech,AM3 Technologies
566961105,Horowitz_CEO,Michael Horowitz
512435294,EmanueleMurgo,Emanuele Murgo
493561037,patriziacamatta,Patrizia Camatta
38152784,federicogalassi,Federico Galassi
89513091,WilliamAEden,William Eden - Coronaposting üö®
2458594088,HyperloopCanada,Hyperloop Canada
155921231,paoloperliti,Paolo Perliti
14887833,jimcathcart,Jim Cathcart
2160274390,nicbardi,Nicolo Bardi
21703784,sgelob,Olegs Belousovs
732673,alessiojacona,Alessio Jacona
59453071,raimondobruschi,raimondo bruschi
1454583697,digimade,Digimade
161689725,_beatpanic,"{:ok, :""@_beatpanic""}"
945413509,TurriniNdr,Andrea Turrini
78852586,sveltopedia,sveltopedia
10695152,lemire,Daniel Lemire
299578448,ABSoluzioniWeb,AB Soluzioni Web
1179169740192923653,mbrooks05971735,mbrooks
46348041,AdboxTeam,Adbox Team
4929431,tgibbs,Tanton Gibbs
593180598,markocont,Marco Contigiani
72563450,kodakmoments_IT,Kodak Moments Italia
146488253,Almagroupsrl,Almagroup srl
14368232,andreareginato,Andrea Reginato
77283609,surajtweets,Suraj Menon
14369195,giordanoscalzo,GiordanoScalzo
2983936431,GeorgeVoxx,George voxx kennedy
147538380,marco_vignoli,Marco Vignoli
2846573038,YesArt_Italy,Nitam-YesArt Italy 
62603893,RayDalio,Ray Dalio
614679495,iamdrws,drws
15418329,JoeKorngiebel,Joe Korngiebel
55264286,gregdavidlaka,Gregory David Laka Get me at Greg.David@Laka.com
781968496813039616,EmpadinhasN,Paulo Empadinhas
492167371,DatiGovIT,DatiGovIT
904087711,MB_Valley,MB Valley
12798452,erickschonfeld,Erick Schonfeld
342575735,apploaders,apploaders
2189118090,c_comandini,Claudio Comandini
38488854,MarcNager,Marc Nager
2151369502,dinosaurus162,Antonio Iraci
59163001,antosavarese,Antonio Savarese
132336959,olebootweets,Oleboo
239373666,spiunno,Simone Piunno
24334767,AgilePoint,AgilePoint
1243828795,roadmapcom,Roadmap
94065230,d_natives,Digital Natives
228283267,kod_app,Kod.app
24859610,betavine,Betavine
5461032,imaxxs,Mahendra Kutare
2302366803,obakeng_mogweng,Obakeng Mogweng
17519976,alltoute,Steve Pettigrew
2230016116,khunou_phestus,phestus khunou
539188025,robi_cocco,Roberta Cocco
744463,daveman692,David Recordon
745273,naval,Naval
126575175,carinaszpilka,Carina Szpilka
164324076,luca_passani,Luca Passani
18048207,oracol,oracol
102011114,Gioppo78,Stefano Molino
566978218,Lordvikagyula,‚Ñì0—è‚àÇ ŒΩŒπ–∫Œ± —Ç—î—èfŒ±
28534457,i_realize,I Realize
41118753,MagCampus,Mag Campus
15953166,arkitrave,Eric Shepherd
442798674,GiacomoOrsi,Apo ‚òÄÔ∏è
18050624,CloudSlam,Cloud Slam¬Æ
66809517,newlikeme,New Like Me
78868365,Diciamolo,Adriano Panatta
18575995,Giuliano84,Giuliano Iacobelli
226719003,elisabettapique,Elisabetta Pique'
5469512,micah,Micah Baldwin
190019223,lucabigliardi,Luca Bigliardi
865302343,milagros1645,milagros casta√±eda f
540768094,fiorenzics,AlessandroFiorenzi
82016284,DinaWarren715,DinaWarren
56326516,secolourbano,Giacomo Biraghi
18577999,fmancinelli,Fabio Mancinelli
58948194,leonardoperna,Leonardo Perna
23296771,statussearch,Status Search
1019444030,CorInnovazione,Corriere Innovazione
80254104,bnprashanth12,Prashanth
31685770,h_multimedia,Multimedia
16028897,cmendler,Camille Mendler
39534494,jmitja,Josep Mitj√†
14908912,scottayars,Scott Ayars
18055633,RobGlaser,Rob Glaser
31162918,danielecr,Daniele Cruciani
113983661,follow_insana,insana
755292,LivePaola,Paola Bonomo
140216059,PAULDESSANTI,Paul Dessanti
7046912,marcomassarotto,Marco Massarotto
16485011,mgua,Marco Guardigli
2990246603,CinziaXodo,CinziaXodo
85166796,leoplct,LeonardoPellicciotta
47942866,f_petrucci_,Francesca Petrucci
34311597,mickopop,Michele Popescu
15961612,mikeflannagan,Mike Flannagan
77827772,damienkatz,Damien Katz
37457833,robbieprofeta,roberta profeta
1201377344,MissOfTheDayCom,MissOfTheDay
55284487,alextosatto,Alex Tosatto
26865119,gabrielebozzi,Gabriele Bozzi
78353612,raulbarraltamay,Raul Barral Tamayo
399218063,PlaycraftLabs,Playcraft Labs
55810516,gabstehr,Gabriel Stehr
308495457,MarioCaropreso,Mario Caropreso
61577986,creatweethinker,Creative Thinker
47946901,qetak,Tomas Michalek
66821479,ogeidix,Diego Giorgini
1076164049480622081,ReactNativeComm,React Native Community
6004762,gianugo,Gianugo Rabellino
403939663,e_riganelli,Emanuele
1028891042,FarahFarayola,Farayola muhammed
550216115,pasqualesim,Pasquale Simonetti
1482924794,brandcare_es,Congreso Brand Care
80454555,aditecco,Alessandro Di Tecco
350987335,KeithJKrach,Keith Krach
83600934,pietrocat,pietro catanese
9676412,eschnou,Laurent Eschenauer
207857388,Aaron_M_Ventura,Aaron Ventura
14395372,La3tv,La3_Redazione
573810985,vcbeat,VCbeat
272869691,valpellegr,Valentino Pellegrino
22784548,SIMtone,SIMtone Corporation
9677762,thesp0nge,Paolo Perego ü¶Ñ
33594566,maghis,Massimo Andreasi
765206,UberVero,Veronica
14397047,dagoneye,Matteo Brunati
15445679,funambol,funambol
726081075827642368,conversate_eu,conversate
74166400,martinhuynh,martin huynh
9679032,lore77,lorenzo fabbri
19640521,jeremy_tw,Dario Principe
438546653,pyRabbaglietti,Andrea Rabbaglietti
22786333,_matley,Luigi
9679842,gunzip,Danilo Spinelli
259241118,CanalysForums,Canalys Forums
767285,mbanzi,Massimo Banzi
14399709,ebidel,Eric Bidelman
960487636040404994,italiadati,Italia dati alla mano
21216057,RailsTutorial,Rails Tutorial
16497593,antonioamendola,antonioAmendola
64732160,Matty631,Mattia Lerna
14925180,gionn,Giovanni Toraldo
15973913,martinprice,martinprice
769591,RChibbaro,Roberto Chibbaro
3147022138,kevnchien,Kevin Chien
432783222,ClaudiaGugliel,Claudia Guglielmo
488357978,Tboeri,Tito Boeri
579584238,iAppear4pp,iAppear
2873344431,DivyaSwamy26,Swamy Divya
446415340,AntoninoLandi,@Ambassador.Landi
112968277,davide1985,Davide
19645340,MaineC,Isabel Drost-Fromm
1820021,1alvarez,Juan Alvarez
16500195,yoghi,Stefano Tamagnini
87279080,elena_sanina,Elena Sanina
2735458384,clinton_ndumiso,ndu clinton mazibuko
83609723,chiararu,chiara russo
19646874,ma_bits,Miguel Angel Fajardo
46385600,mylinkedin,ayman
100387585,statuscode,Statuscode
26462988,cascaad_git,cascaad-git
6015852,deanvanniekerk,Dean van Niekerk
240896969,MightyNetworks,Mighty Networks
30133564,rachelbotsman,Rachel Botsman
341560792,Tiffaneywxn,Tiffaney
387173889,newsinrete,Maurizio Scalari
19124008,UBM_milano,UrbanBikeMessengers
1682165586,TonyGeeTony,Tony Gee
17027102,HeatherCoull,Heather Coull
6541352,maxciociola,Max Ciociola
168546896,Tjosephine1,TOPE OLADIMEJI
705383943,itz_djjayfresh,#BABA DJ
14931196,saadullahsaeed,Saadullah Saeed
76272937,duccioc,dc
356767759,welovelean,Laurence McCahill
9164972,elius,Elio Narciso
10737902,karuso,Alessandro Caruso
627825386,mmaniruzzaman,Maruf Maniruzzaman
11263102,awadallah,Amr Awadallah ÿπŸÖÿ±Ÿà ÿπŸàÿ∂ ÿßŸÑŸÑŸá ü§ñ
47963552,FadyKalo,Fady
540270949,startupfndtn,Startup Foundation
2536759727,gloriamizinga,Gloria mizinga
507765360,matijagrcic,Matija Grcic
19653286,apstrata,apstrata
132375339,RegusGlobal,Regus
200532005,stefanoambrosin,Stefano Ambrosini
14410737,ffiore,Francesco Fiore
128181597,sandrea77,Andrea selva
1332471162,GioiaBallin,Gioia Ballin
2891316128,FilippoMadoi,Filippo Madoi
626125148,VisordDOTcom,Visord.com
42683,fullo,Fullo
47442234,GianlucaRispo,Gianluca Rispo
15985050,mmarinucci,marco marinucci
202631628,Lauren_States,Lauren C. States
35908103,kathykmy,Kathy Yu
781293,martinvars,Martin Varsavsky
94589437,benzhuk,Ben Zhuk
9170162,Securityblog,Securityblog
2306601654,TechNamshi,Namshi Engineering
2599679101,IMPACT_acc,IMPACT Accelerator
417592686,CaliForRomney,Cali For Romney
12318782,alezante,alezante
28571719,albertobarrila,Alberto Barril√†
19658936,CDCemergency,CDC Emergency
129759464,paolo_de_rosa,Paolo de Rosa
103021125,e_estonia,e-Estonia
7601332,gevaperry,Geva Perry
785691,zsims,zach sims
17607249,TheLarkInn,Sean Thomas Larkin ÂªñËÇñÊÅ©
14942202,basmatitree,basmatitree
129761385,nekorina,Irene Capatti
87294149,siestetix,Andrea Sesta
726401431,IOI2012,IOI 2012
19661911,mgafforini,Marco Gafforini
15947292,JosvanOosten,Jos van Oosten
47913753,mtrencseni,Marton Trencseni
195298875,celcast,Araceli Castellet
489424904,LMbundlemachine,Lean Mean BM
1102317661,innovuspharma,Innovus Pharma
6160742,bryce,Bryce Roberts
164366460,gild,Gild
788994,filos,Luca Filigheddu
63180885,mapendomag,mapendo
15995221,_gildo,Ermenegildo Fiorito
106697126,elbryanlos,Fabiano Francesconi
142348963,erpcloudnews,ERP Cloud News
128717738,beardigsit,Bear Douglas
15471621,luciapredolin,lucia predolin
94115028,shinpei_ohtani,Shinpei Ohtani
1399592160,IndiQus,IndiQus Technologies
36967659,Sara_12772,üÜÇüÖ∞üÜÅüÖ∞ üÜÅüÖæüÜÇüÜÇüÖ∏ üòã
334764568,Sarah181078,Sara
19356110,gmtomko,George Tomko
547101853,monogram,Monogram
401874492,kojouharov,stefan kojouharov
42737327,woobmedia,woob
741327365754781698,Match2One,Match2One
609493147,HostedGraphite,Hosted Graphite
74196107,computermusik,Computer Musik
211559819,futuroluiss,Destinazione Futuro
112469524,geowebforum,Geoweb Forum
2188650084,FredBouchery,Fr√©d√©ric Bouchery
16891036,fabiofumarola,fabiofumarola
576989240,carolecili,Carole Ciliberti
1827416346,hyvaerc,Allan Hyvarc
14952787,sketchin,Sketchin
363604483,AAvenia,Adriano Avenia
41691674,inventorchris,Chris Hawker
409776632,swiftype,Swiftype
834415675,milagroscasta10,milagros casta√±eda f
1070869968,ChipwanyaMemory,Memory
803613562245677056,_uallaf,UallaF
76295717,henrikbrorsen,Henrik Brorsen
6041642,metalab,MetaLab
14430452,paolafurlanetto,paola furlanetto
96744013,desmogh,marcogh
59520230,NascImpact,Nasc
40645982,msolcia,Massimo Solcia
9713142,chrisjpowers,Chris Powers
37270490,davidszil,David Szilagyi
787495712074395648,JoshOdigie,Josh Odigie
25442408,youmakemephil,Filippo Satolli
41171151,tugceergul,Tugce Ergul
833775057159725057,localhost_run,localhost.run
458504863,FluentConf,O'Reilly Web
15481850,geerlingguy,Jeff Geerling
73678276,_ndrelle,andreafobia
986988516,nicologno,Nicol√≤ Gnocato
707586399827042305,ContrattiPA,ContrattiPubblici.org
7618952,jamesurquhart,James Urquhart
75252247,NJFEurope,NJF Europe
633094871,FakeKarlNorling,Fake Karl Norling
1953776348,diegoperria,Diego Perria
13386582,alardw,Alard Weisscher
19679432,jzunit,Jie
856733414,AndreyICT,Andrey Bogomolov
805600,gvarisco,Gianluca Varisco
5988932,aliceavallone,Alice Avallone
11816472,goozbach,goozbach
6049312,CapitalistPoet,Brent Williams
5525152,sjen,Jenny Allen
22241904,jmhsieh,Jonathan Hsieh
20729733,CloudEntr,CloudEntr
74732486,CompugenInc,Compugen Inc.
238161401,umbr0s,UmbRos
63722880,Sponsume,Sponsume
7624382,auser,Ari Lerner
10882732,shanand,shanan
22829108,ClaudioDiGre,Claudio Di Gregorio
14440898,fvozza,Francesco Vozza
773225856600645632,heptio,Heptio
1288223221,KingsleyDe,BABAK
14441446,vineetg,Vineet Gupta
7626052,__ads,Alessio Di Stasio
2320785165,dariobuon,Dario Buonocore
49045586,xmppjingle,XMPP Jingle
14967240,serenatudisco,Serena Tudisco ‚ôÄÔ∏è
14443041,palmamod,Matteo Starri
437545141,TriniNinel,Chloe
543451774,SwvleVid,Swvle
28077022,ilmondokevorrei,Ilmondochevorrei
139750553,WebTechConf,WebTech Conference
154430677,ccrsoftwareshop,Steven Kidd
64254319,iotifollowo,iotifollowo
464286100,artifyit,Artify It
284455405,_vecna,Claudio Agosti
95188179,John_c_lunn,John Lunn
729052574,FleisureApp,Fleisure
492074930,Francesco_Elia1,Francesco Elia
228882476,mobAVE,MOBave
300710262,cloudbasedtech,Cloudbased Solutions
817650,lorenzov,lorenzo viscanti
243563784,kyndlle,Kinda
307527007,ClouDJo,ClouDJo
106724715,MrJamesField,James Field
302284145,ale_polidori,Alessandro Polidori
82607998,edzob,Edzo Botjes
3314843922,emmecilab,Mauro Cicolella
244613570,trudihermon,Trudi Hermon
819999,jeff,Jeff Clavier
7636552,smcbride,Sean McBride
545556261,IsabellaDianaAl,Isabella Nodari
5539862,fabricapo,Fabrizio Capobianco
14452788,bomielke,Brenden Mielke
10258542,devx,devx
963938472,Palazzo_Chigi,Palazzo_Chigi
821461,Feba,Feba
2209123070,dolabschool,DoLab School
54299428,munirjawed,Munir E. Jawed
580684676,icehousecorp,Ice House
468487468,ValeGuer,Valentina Guerrera
24940043,websoundcr,PepeCR
2178990810,MalaAnand_,Mala Anand
246714962,wikli_it,Wikli
304269432,bpm00rai,Marco Raimondo
1040487925,OverSpaced,OverSpaced.com
54826554,fabiosalvo,Fabio Salvo
115644309,RChilli,RChilli
491558952,esterbeltrami,Ester Beltrami
27564081,marcoargenti,Marco Argenti
102013253,paolobetto,Betto Nippon
331127925,marcodonadelli,marco donadelli
43294111,_odino_,Alex Nadalin
21274283,chrhicks,Chris Hicks
52731955,la_pippi,Alessandra Poggiani
14459354,bugant,matteo centenaro
7119362,Rmiranda,Rodrigo Miranda
100443161,walterbardelle,Walter Bardelle
313828550,Jones_music__,Monalisa üáøüá¶
442279365,NodoPiano,NodoPiano
49587766,stop_berlusconi,Mario Rossi
480552952,FunzPub,Dipartimento della funzione pubblica
891693140654137345,endsummercamp,End Summer Camp
826059720,phenom10031,Igshaan Erasmus
16559133,guglielmoscilla,Guglielmo Scilla
830741,antoniobonanno,Antonio Bonanno
44871410,antoniotrapani,Antonio Trapani
3452911,kevinweil,Kevin Weil
23900390,Nastyyy,Tato
97825163,seoebooksfree,seoebooksfree
6074912,DidacLee,D√≠dac
843887341,FelixWebDesign,Felix Web Design
316453928,federico_cella,Federico Cella
16561295,jvitoria,Jo√£o Vit√≥ria
6075552,orsettamv,Orsetta MV
413971819,5pira_mirabilis,Denis Frezzato
4340457033,ImpattoDigitale,ImpattoDigitale
15513089,tperuzzi,tperuzzi
831829674,Charmai76912539,Charmaine
44349237,Mfabbri77,Michele Fabbri üá™üá∫
24950615,steppia,Stefano Piamonti
805615603,kickiegogo,KickieGoGo
18135110,adefaveri,Alessandro De Faveri
9222522,xpmatteo,Matteo Vaccari
16562930,aleinside,Alessandro Nuzzo
31767673,codiak131,Cody Voellinger
215792971,DragonDare,DragonDare
94158176,GlobespanCap,Globespan Capital
2928459231,patpatuffa,Patrizia Fabbri
16039608,inma_martinez,Inmaculada Martinez
3362570043,mashPlatform,mashPlatform
7651552,mdelrio,Mauro Del Rio
44876099,m4dbat,Matteo Battaglio
82100726,riccardobosio,Riccardo Bosio
243057266,Hampton_470,DarcieHampton
9749472,mikiccc,Michele Focanti
15516813,xochiadame,Xochi Adame
5382382,fedepo,Federico Pomi
30197478,enricoci,enrico ciampini
2248460466,BoostYourMac,Boost Your Mac
29936690,Adrianbeja,Adrian Bejarano
26703600,dialtone_,Valentino Volonghi
887409576,MartaGhiglioni,Marta Ghiglioni
6606132,vermontjon,Jon Sullivan
21286761,CapsuleCRM,Capsule
2856112420,lucaskgatla1,lucas
19190104,OutspokenMedia,Outspoken Media
16568739,petergrossman,Peter Grossman
17093090,MacRuby,MacRuby
17617733,Scoreloop,Scoreloop
146068678,Letus81,Antonio Lezzi
217370198,micromu_,Sara
32298723,aegilop,Hazard Perry
326424313,partecipaMi,partecipaMi
255121229,Nasiru910,Comrade Nasiru Bello
92591970,montymenon,Monty Menon
170711160,5anatre,Augusto Coppola
627366168,giuxale,Alessandro Ercolani
15522321,stefanocutello,Stefano Cutello
455397226,decodedfuture_,Decoded Future
158129535,UPS,UPS
98885415,gbagnoli,Giacomo Bagnoli
149741736,amiryoussefi,A
39025353,sosopensource,SOS Open Source
111469064,katwalktt,Annabelle Reed
225764028,giannilabbate,Gianni L‚ÄôAbbate
2428822255,BBDolceFarNient,B&B Dolce Farniente
361030436,CraigsBook,CraigsBook
7655662,ruphy,Riccardo Iaconelli
14646215,JamieLearmonth,Jamie Learmonth
2230642848,PowerMixerCo,Power Mixer
2548361473,OptionsConnect,Stock Options
18148098,adenatale,Andrea de Natale SG
14478573,damienstevens,Damien Stevens
25569187,fabiocicerchia,Fabio Cicerchia
1527574052,giudittadb,Giuditta Del Buono
16576179,emamadini,Emanuele Madini
236777216,MakeMeApp,C-Digital
510456068,GianlucaDesty,Gianluca De Stefano
46461242,ydiak,Yuriy Diakunchak
10285442,jimkaskade,Jim Kaskade
20771502,emafuma,Emanuele Fumagalli
2946031,tmusgrove,Tim Musgrove
7140402,EmanueleTha,Venture Scoop
212137030,fcrisciani,Flavio Crisciani
25482115,jbosscloud,JBoss Cloud
9238132,edschepis,edschepis
7665302,olabini,Ola Bini
1382348917,webheroes_it,Web Heroes üí•
55900647,BinxBaybee29,‚ô•Œ≤*Ã©Œ±∆ûcŒ± OœÅœÅŒµ∆ûs∆ïŒ±œâ‚ô°
16054802,buccia,Fernando Vezzosi
11336272,AliciaNavarro,Alicia Navarro
87882675,vicnastea,Vic Iglesias
2870803498,globalluxsoft,GlobalLuxSoft
168098908,dixanski,Cesare Castiglia
63241507,aonetti,Alberto Onetti
990678606,FedericaAramin1,Federica Aramini
258801622,albertomucci1,Alberto Mucci
856133875323596804,MatobakoZ,matobako ntswaki
17105364,phishman,Augusto Pirovano
20152417,jrpuneet,Puneet Jagralapudi
899482489,OrientaG,Orientagiovani 2017
3296527392,nextgencto,Next Gen CTO
1172582121929465856,lesswrong,LessWrong
9241712,paolomainardi,Paolo Mainardi
246220549,antonioruscitti,Antonio Ruscitti
754651405479186432,Marc_Colbert,Marc Colbert
20777103,CiscoItalia,Cisco Italia
15010713,mattphilip,Matt Philip
34933991,ThinkCodeTV,ThinkCode.TV
443354681,sharedropis,Dropis
8196232,bhaskerkode,Bhasker ‚ÄúBosky‚Äù Kode
10818002,nicolagreco,Nicola
19731100,Lucidworks,Lucidworks
470094569,BossiniGianni,Gianni Bossini
14822869,marksmadsen,Mark Madsen
894497291662503936,CMottironi,Camilla Mottironi
2365396071,simsilvestri88,Simone Silvestri
1111604549389828096,thenrdlab,Stefano R
447026956,IdrisKajogbola,Engr-Abbey1
155523130,EnricaBorrelli,Enrica Borrelli
425008012,TwelveMilano,Twelve Milano
397029220,sanobed,os
245701996,giorgialucciola,Giorgia Lucciola
560799217,narcisocarlosjr,Narci ‚öë
615849680,SMILLEYCM,Cynthia MaltIda
51191573,AndreaMarinelli,Andrea Marinelli
274014013,MariaNwitty,Maria N
936602950318940160,MI_DigitalWeek,Milano Digital Week
17113128,falossi,Alberto Falossi
132457126,aldorazzino,Aldo Razzino
1597736396,joannabucior,Joanna Bucior
366289783,replit,Repl.it
144516115,g_mastrodonato,G.Mastrodonato
326163410,CoMartys,Marty
22425902,pinfieldharm,Paul Infield-Harm
17639705,bslook,Bob Slook
1387211,dshen,David Shen
710224698,CecilMitch,Cecil-mitch
36514711,giorip,giovanni ripoldi
1242901460,Scott_Skills,Scott Beasley
17116202,timothychou,Timothy Chou
4392988274,akgaona,Ana
1913181,costantino,Costantino Bongiorno
49427175,giovannizuccaro,Giovanni Zuccaro
514667085,antonio_mallia,Antonio Mallia
136656083,berisso42,Sergio Berisso
27604909,Rafr,Raffaele Mauro
96811071,Pitch_Doctor,The Pitch Clinic
28653900,Maraexceptioon,Mara Marzocchi
3070573078,rominabrisa1,Romina
212679624,VitoPennetta,Vito PENNETTA
770287154639544320,ITdigitalteam,Italian Digital Transformation Team
23936480,CoastalFlags,CoastalFLAGS
85802497,pornifyme,PornifyMe
43859547,nicolapreti,nicola preti
4339041,danielilett,Dan Ilett
17646201,jbilefield,James Bilefield
2315961,nicolamattina,Nicola Mattina üáÆüáπüá™üá∫üè≥Ô∏è‚Äçüåà
783671598045880320,18app,18app
85804814,passatordi,Stefano Passatordi
3802194221,i3_FBK,i3 group | FBK
17883633,picmix,picmix
23941218,scottish70,scottish70
937351887992643585,DivinaPrincesse,Divina Pallacini Isabella
10834752,random_walker,Arvind Narayanan
2243253224,OrtamaEd,ortama ed vidyyanto
498947078,CocoonPro,Cocoon Pro
1365070892,Ulbrec,Ulbrec
386749511,rainbowtwitti,Rainbow
18175092,coin_launch,null
6116662,dwfrank,Davis W. Frank üîÉ
12408202,abarrera,Alex Barrera
2161989038,cbc_85,Christian
18175661,spotcloud,SpotCloud.com
76371883,piri_picchio,piri picchio
58022126,mavimo,Marco Moscaritolo
577067300,opportunityjob,opportunityjob
19225122,artisindia,Indian Magento Coder
529357363,FlorianaFer,Floriana Filomena Ferrara
19225347,mazzualex,Alessandro Mazz√π
82022267,giovannibajo,Giovanni Bajo
3051676933,MackAttah1995,Glossy Pinky 
113074215,davidebrognoli,Davide Brognoli
299721168,tiagofglourenco,Tiago Lourenco
16081414,WikimediaItalia,Wikimedia Italia
2693620616,GalleryVentures,Gallery Ventures
632120501,eddytweet74,edobite
41248041,filipposantelli,Filippo Santelli
3104663056,cenrentola,Cenerentola
112551607,pippobaudos,Niccol√≤ Becchi
543382485,giuditta_pini,Giuditta Pini
2976971,pchaganti,Prabhakar Chaganti
430271747,PerYpezYe,PerYpezYe
260402470,GWBRASILTELECOM,Rawlinson Souza
17448194,dan_lopez,Dan Lopez
25521701,rhinoback,Online Data Backup
34959331,eugeniogallina,Eugenio Gallina
671083,lucasartoni,Luca Sartoni
456487302,LauraAglio,Laura Aglio
64844802,a16z,a16z
6649292,howardliptzin,Howard Liptzin
3503711,andreagelati,üáÆüáπ Andrea Gelati
882461,intinig,Giovanni Intini
484276395,ROMvg,Read-Only Memory
307067134,Kadim53,Kadim
80050555,pholt63,Peter Holt
16611741,BlogOlimpiadi01,BlogOlimpiadi01
109898277,fpietrosanti,Fabio Pietrosanti
77430610,Flowers611,KirstenFlowers
38681663,neuromancer977,Lopo
1285914955,GooData,Venkat Good Data
18186593,elektropier,pier gorelli
104169882,claudioluisdias,Claudio Dias
771588572,PaoloVasari,paolo vasari
41779710,paolofiorenzani,Paolo Fiorenzani
92111407,NoticieroDiario,Ariel Malco
93161133,folstuff,Andrea Adami
836174158799257600,react_native_eu,React Native EU
76384511,Fabbrucci,Fabio Fabbrucci
241011001,Startupsfm,The Startup Channel
163416454,giuliaonline,giulia ruta
24481083,Axleuk,‚òÖ Paul ‚òÖ
33918509,ssantinocaruso,Santino Caruso
803194939031126016,PaolaPisano_Min,Paola Pisano
2217099931,ThingsWork,How Things Work
32346096,rootart,Vasyl Dizhak
3511131,nicoloborghi,Nicol√≤ Borghi
2157810976,Realfolabi,Fola Don Richie
369159807,IlaoInRome,Giuliano Foscarini
773473284,zukityiso,BoHeMianüëë‚ù§Ô∏è
309172278,matteomargini,Matteo Margini
7182532,_id3r,George Rider
770285595780415488,teamdigitaleIT,Team per la Trasformazione Digitale
777984924682977281,guido_beltra,Guido Beltrame
14523150,davidedattoli,Davide Dattoli
18717716,Andespo,Andrea Esposito
16620786,gregosuri,Greg Osuri
91579889,enayble,Phil Smith
237347176,hackitaly,HackItaly
955621764,GiacomoSarrocco,Giacomo Sarrocco
82682518,alevitale,Alessandro Vitale
496870555,mariaelenaviggi,Maria Elena Viggiano
3047008099,xxx99029674,xXx
27633739,geekfiles,Geek Files
6137982,lforesti,luca foresti
5089671,mor10am,Morten Amundsen
26061434,POWERPUFFYVETTE,Yvette S.
716024449,MilaniMarco82,Marco Milani
19246261,fgiunchedi,Filippo Giunchedi
3293424904,kzzzf,Krzysztof Magiera
63810996,PulseonBusiness,Business News
92122554,nilestitle,Car Title Loans
76918524,luissbarcamp,LUISS BarCamp
132493534,maraspin,Steve Maraspin
5091661,jamieriddell,Jamie Riddell
213234312,lcastelnuovo,lorenzo castelnuovo
388346603,gditom,Gianluca Di Tommaso
961985584066678785,Eli_Trenta,Elisabetta Trenta
2643311322,guillermokrh,Guillermo
2257959654,EstellaElisheva,Estella Elisheva
16628632,alessiosaltarin,Alessio Saltarin
821524876318150657,BrittN_1,Britt
723973134760718337,elpaisendos,Sandra Carbonera
4512924501,Manuela39501400,Manuela
118377280,alice_casiraghi,Alice Casiraghi
578143131,CA_Italy,CA Technologies ITA
1429971158,ErikaCristiNark,Erika Cristina
6145622,m2jr,"Mike Maples, Jr"
88458867,kropacina,∆òara ∆òropac
3093677788,stickermule_it,Sticker Mule Italia
17680222,alvagante,alvagante
622709100,epidemikagame,epidemika
202230373,angular,Angular
161336206,gpasceri,Giuseppe Pasceri
23448956,ssilvia13,Prof. Silvia Vianello
22400526,TechnicalBooks,Technical Books
495309159,TwitterNYC,Twitter New York City
7721402,rocketship,Rocketship
540922351,SullsoftMobile,jeff sullivan
589156899,Otgntgs,Otgntgs
38654610,albyantoniazzi,Alberto Antoniazzi
2234372946,fusillicode,Gian D
544068464,weCONECTMedia,we.CONECT Media
14538587,JeremiahLee,Jeremiah Lee
873322333,Spazioalle_Idee,blu news
132503652,omargourari,Omar
136173805,marisandralizzi,marisandra lizzi
17684910,insert_nick,Antonio Orlando
55958157,maxbonacchi,Max Bonacchi
405658492,securityaffairs,Security Affairs
47570112,LastesGroup,Lastes
17161645,usenix,USENIX Association
41570239,Cla_Gagliardini,Claudio Gagliardini
13492552,stephenodonnell,Stephen O'Donnell
14541402,mlevchin,Max Levchin
18735790,avaldi,Andrea Valdi üáÆüáπ üá™üá∫
86369367,yonatanfeldman,Yonatan Feldman
443933998,chefuturo,CheFuturo!
14542783,mauriziog,Maurizio
6154542,ivanit,Ivan
14543331,EnricoDAngelo,Enrico D'Angelo
1960941,TimothyFitz,Timothy Fitz
2318990509,scotti_jack,Jack Scotti
15592821,FrancescoC,Francesco Cesarini
37089107,amazondude,Chad
30273948,jamonholmgren,Jamon Holmgren
93713205,enricocomiti,Enrico Comiti
246281025,trejolina,elisabetta feroldi
305001616,KevinNorlin,Kevin Norlin
949351753,michael_kleindl,Michael Kleindl
1671296454,Verociruja,VERONICA
378863252,AngelHack,AngelHack
6159282,t_koeppen,Thomas Koeppen
81656841,EnricoVerga,Enrico Verga
2676358271,Thinagumumede,Philile thina gumede
15072667,francescozaia,Francesco Zaia
106823581,33ACup,Official 33AC feed
173932887,EBruschini,Enrico Bruschini
811237512391913472,miguelbonera,miguelbonera
394313,pandemia,Luca Conti üå±
2999692138,AndreaDEramo70,Andrea D'Eramo
32376769,paolo_bozzola,Paolo Bozzola
30804234,vTI58b,Shudogg Marketing
14551448,vjt,Marcello Barnaba‚ï∞‚òÜ‚ïÆ
761661913,cristajani,Cristina Tajani
3140356795,TyneileW,Tyneile Wilson
4590271,SHiFTconf,SHiFT Conference
207490022,matteopanfilo,Matteo Panfilo
1878327829,TradinTraveler,Trading Traveler
184421524,SabrinaMiso,Sabrina
306580976,IntegralRD,"Integral R&D, LLC"
16125438,frontiergroup,The Frontier Group
135138822,IoTchannel,IoT Channel of IoT Community¬Æ Follow @IoTCommunity
1046198864246648832,wrong_less,LessWrong 2.0
15076912,williamnespoli,William Nespoli
12455632,madarco,Marco D'Alia
20844341,patio11,Patrick McKenzie
14553047,massimosgrelli,Massimo Sgrelli
19796022,Corbin07,Corbin Patten
342757438,LinkMeJS,LinkMe
3238400368,iAlvinLee,Alvin Lee
10883952,florentstroppa,Florent Stroppa
2538476593,futurefallout,Future Fallout
14030902,Diliziology,Diliziology
3408272428,ryan_caldbeck,Ryan Caldbeck
36052231,solyarisoftware,Giorgio Robino üáÆüáπ
20323796,cirillof,Francesco Cirillo
128851421,sandeep220490,Sandeepsingh Sisodiya
4174782075,netandget,net&get
221126391,repne,Antonio
119938928,Queenchiii15,genesis gabriela
396238794,CodeWisdom,Programming Wisdom
1449951,rowantrollope,Rowan 9Ô∏è‚É£9Ô∏è‚É£9Ô∏è‚É£9Ô∏è‚É£9Ô∏è‚É£
325460307,f_bartoloni,Fabrizio Bartoloni üá≠üá∞
24519183,DataCenterGuru,Gabe Cole
12460882,pacifici,Jonathan Pacifici
35005496,UCVoices,Mark Ivey
12986052,hcatlin,Hampton
13087052,lucabonmassar,Luca Bonmassar
152971543,francipanci,Francesca Bassi
237382240,topcoderupdates,topcoder Updates
946220616,GabriRippa,Gabriele Rippa
259927826,kevinverse,Kevin Wang
36057334,mercatodelleide,Ilmercatodelleidee
13513072,ashokjjr,Ashok
16134540,cloudera,Cloudera
194916798,Musk78,Andrea Moschella
111555111,valerionarcisi,Valerio Narcisi
15086324,sheeroy,Sheeroy
3234123073,battago,Maurizio Battaghini
53359864,areaweb,Cristiano Rastelli
98972995,daveeday,Davide ‚ú®
24524448,EverestGroup,Everest Group
40253154,WebTechCon,WebTech Conference
10815782,underpress,underpress
94090268,erictorn,Eric T√∂rn
3001432272,skopery,S K O P E R Y  ‚≠êÔ∏è
2195077453,luisafe29134950,luisa fernanda
7224642,fabioCe,fabio
556154487,worldjobwatcher,WorldJobWatcher Net
844833630266413056,developersITA,Developers Italia
821764291002908672,Harihar99223324,Hariharan
18204958,LBOI,Sneh Roy
1431716216,DoerHub,Diana Zink @DoerHub
323371541,Brainbench_com,Brainbench
862085287,Cnalboy,Abdulbasheet
48120931,sproutrobot,SproutRobot
320751024,evermind_it,Evermind
21383585,giordanobc,Giordano Bruno Contestabile
16933344,brianmackay,Brian Mackay
70667191,devsmt,Tazio Mirandola
44453488,dailybabel,Daily Babel
127034002,solounbsito1,Giselle Fernandez
7229342,TizianoTassi,Tiziano Tassi
3560241,ezmobius,Ezra Zygmuntowicz
15618959,giuliaida,giuliatarditi
2736673854,Alfandy_cinta,kata hati
151410115,santerotondi,Sante Rotondi
1988241,carloz,Carlo Beschi
1412847349,Monithon,Monithon
564549804,Tshepobennet,Tshepo bennet
4524412653,BeppeSala,Beppe Sala
13523472,filz,Filippo Pacini
106322749,MGCardamone,Michael Cardamone
167140176,waynemaurer,Wayne Maurer
734735999029383168,martin_gorner,Martin G√∂rner
1306418298,naitinstartup,Naitin*
13000292,dmerr,Dwight Merriman
369516288,cosmolev,Lev T11v
20340666,paqos,Paqos
103178413,xlaroma,Simone Jack O'Metti
816264099147509761,rossodesiderio,rossodesiderio
884686813075570688,daudmalik06,Dawood Ikhlaq
45333304,ShlomoSwidler,Shlomo Swidler
25060341,maxbrondolo,Max Brondolo
15099007,missanabeem,Annalisa Merelli
365323494,falanga_f,Francesco Falanga
206988743,danduh81,Daniel
6710772,PierG,Piergiorgio Grossi
41313851,DjSoulpusha,Soulpusha
3307103924,CrowdfundingDo,Crowdfunding
14575351,ondemand,SaaS News Microfeed
15099519,luscarpa,Luca Scarpa
264661368,HasanOzgan,Hasan Ozgan
92606925,giociferri,Giovanni Ciferri
432434071,LTeatini,Leonardo Teatini
3513150373,magicgenieindia,Magic Genie
40266738,LucioAllegri,Lucio Allegri
14052373,blangholz,Ben Langholz
8285392,raffi,u…ê·¥â…πo û·¥â…π û ·¥â…ü…ü…ê…πüë®üèº‚ÄçüöÄ
24538495,parselets,Parselets
65370701,Jilion,Jilion
78661427,ZiaBoby,Camilla
14578014,VishalRJoshi,Vishal Joshi
18772355,tea,Samovar Tea
260469586,RyanVMckenzie,Ryan McKenzie
60975280,kloudpix,Claudio Renza
70153432,nosqlupdate,NoSQL Update
201225682,ryluv1dm03,Luv
14054922,alexwied,Alex Wied
246398555,x_cloudservices,XYDO Cloud Services
921856344,FrancescoMul1,Francesco Mul√©
870217945,danielevona,Daniele Vona
8288712,makkina,Francesco Mondora
14055954,Krumpe,Michael Krumpe
274102857,hbctechteam,HBC Tech
281892315,menufy,Menufy
16153289,victorba,victorb
2820570512,SimoSurdi,Simone Surdi
352223190,labolladisapone,Ilaria Cappelletti
15106130,fabio_mincone,fabio_mincone
221145800,matteooomela,Matteo Mela
268861653,f_bonomelli,Bonomelli Francesco
260473078,oss_rb,Ruby OSS
90603921,garnone,Guido Arnone
40004421,iosemagno,iose magno
377914328,e_caml,Eric Camellini
224612432,gameifications,Gamification
132547682,vs_AR,Alessandro Ferrari
59840147,kvasnic,John Kvasnic
1522960296,EllaMonsanto,Ella Monsanto
1026745484172505090,EnnioMontesi,Ennio Montesi
136743065,jacoporomei,Jacopo Romei
806075692475645952,SOgbuneke,Ogbuneke.s.Chiagozie
15108584,markwunsch,Mark Wunsch
14060372,mgualtieri,Mike Gualtieri
354847710,Codecademy,Codecademy
16681993,MikeGeorgeson,Mike Georgeson
6100862,purrrgatory,Carl Declerck
1454280841,greheine,Gregor Heine
1322684712,TIG_italia,The Innovation Group
64393599,stefanodindo,Stefano Dindo
621187803,PentapusTech,Pentapus Tech
942052344,jobmote,Jobmote
3075380254,AmanteAngelo,Angelo Amante
141989184,tommasogrotto,Tommaso Grotto
1074173322,MatteoSeghezzi,Matteo Seghezzi
14587429,shiffman,Daniel Shiffman
533633172,franc_orlando,Ô£ø Franc ~$av Orlando
45521381,kasparkorjus,Kaspar Korjus
51812921,gusepo,gusepo
2529971,cdixon,Chris Dixon
4307183775,cristian25918,Cristian
851877487,RosieApp,Rosie
130457262,wujilabs,wujilabs
29794519,elibelBG,Elisa Bellagamba
190651120,vflorusso,Vito Flavio Lorusso
426156752,HybridVigorFilm,Hybrid Vigor Film
338600980,_unoacaso_,Uno a caso
14066875,_ahujad,Dev Karan Ahuja
184985946,QuanTechResume,J.M. Auron
3179719096,lucamaggio22,Luca Maggio
19831669,robertolupi,Roberto Lupi
3460751,jdlasica,JD Lasica ‚õ±Ô∏è
1109753415742164993,ConfTs,TS-Conf.it
5155791,emaaaa,Emanuele
17214580,RiccardoLuna,Riccardo Luna
6205152,kathrynb,Kathryn Barrett
84324324,Loreau,Laura Bordin
469151958,StartMiUp,StartMiUp
8286932,santopaolo,Raffaele Santopaolo
738741500926955520,AmazonNewsEU,AmazonNewsEU
384742042,fntlnz,Lorenzo Fontana
249372181,Visualchief,The Chief
449754436,WRConsult,Bill O'Connell
14071488,sudhish,Sudhish Rema
11450442,gmbrega,Gian Maria Brega
257866153,manthasuresh,suresh
932625379,ElisabettaSecch,Elisabetta Secchi
39238730,s3browser,S3 Browser Team
1021299217,Lily_51027,üÖªüÖ∏üÖªüÜà üÜÜüÖ∏üÖªüÖªüÖ∏üÖ∞üÖºüÜÇ üíã
230079648,codercharts,CoderCharts
227458257,diegoceccarelli,Diego Ceccarelli
70696329,dfranciosi,Diego Franciosi
1916190122,ericbroughton_,Eric Broughton
1903501292,amo_20658,amo selala
538886215,CoderDojoMi,coderdojomi
1172643871,CarloContavalli,Carlo
486458061,inapolinews,iNapoli News
17744618,shotbyrichie,Richard Gough
15647748,chiaradecaro,chiaradc üáÆüáπüá™üá∫üá©üá™
809512,jesserobbins,Jesse Robbins
3168191809,investorNPress,Investor Network Press
83281245,iyasalem,Yasser Salem
1630455818,_odisseus,Odisseus
3034499914,iHub_eu,iHub.eu
565628403,marinopiotti,Marino Piotti
108973748,googlielmo,∆ìuglielmo ∆ùigri
446303,riffraff,gabriele renzi
1425461448,rayno_lombard,Rayno Lombard
399429973,FeedTechNews,TechNews
44487069,chedisagio,Marco Castelnuovo
21418476,ccherubino,Claudio Cherubino
92721729,DatingWorks,DatingWorks
238998963,_Piccio_,Enrico Piccini
14079471,ashmaurya,Ash Maurya
536903293,hackathons,Hackathons
36624443,AmbasciataUSA,Ambasciata U.S.A.
7065292,magomarcelo,Marcello Teodori
427219402,Fabio_Fazio,Fabio
2567950080,Cosmose_,Cosmose AI
54975203,pcalessio,Alessio Fabiani
41868331,ErikHuberman,Erik Huberman
208479416,tarmelop,Carmelo Presicce
783451670852362240,tarishiguptaa,Tarishi Gupta Photography
296385161,JamesPoliti,James Politi
4195803793,rebaseapp,Rebase
52355877,zenkay,Andrea Mostosi
15131564,theg33k,theg33k
607052765,marcotiriolo,Marco Tiriolo
312927259,RCharlesWhite,Charlie White
1346823198,starthappy_it,Starthappy
15131873,robross,RobRoss
526837239,raistolo,Stefano Zanero
15132483,carlopecchia,Carlo Pecchia
2799161701,Jonksay,Pe‚ôåtol kÔ£ßrek
452783,cirpo,cirpo
14084272,emilabirascid,Emil Abirascid
3119966597,SolarHelpOrg,SolarHelp
420932038,EnterosInc,"Enteros, Inc"
49736166,peterthiel,Peter Thiel
129952408,GianArb,DevFlop
16706287,barbarafalanga,Barbara Falanga
1196157722221326341,DesignSystemDig,Design System Digest
11463822,dharmastyle,Dharma Ferrari
6745232,scottmac,Scott MacVicar
14755701,mcraddock,Mark Craddock üá∫üá≥
318696662,DNV_official,DNV
15134016,ntacchi,Nick Tacchi
105835865,_wespeak,We Speak
895047723128422400,amoureuse2016,Marie Claude Doucet
13204742,fgmesones,Fernando G. Mesones
2190405945,ErikaPinnetta,Erika Pinna
364311242,Tlitterature,Tlitter
7066412,pentolaccia,Mike
29291420,philwiser,Phil Wiser
410973494,BramdenTeuling,bramdenteuling
97449397,dmncmm,Domino Communication
28767737,fviolante,Fabio Violante
39778018,antvandevent,Anton
102692851,hubroma,Impact Hub Roma
59177045,mccannatron,Chris McCann
16186143,rachelcdavies,Rachel
36633390,BarbaraGamb,Barbara Gambacorta
35465732,livejohn,Jonathan M√©tillon
42400850,inzynier,Michal
483851361,TerrinoniMarco,Marco Terrinoni
350678266,ANDRELUISALMEI1,ANDRE LUIS ALMEIDA
24051331,Richard_Sink,"Richard Sink, Principal at Critical Connections"
37158649,gabrielelana,Gabriele Lana
970317703046225922,margheritasid1,margherita üçïüåº
4653471,federiho,Federico H. Gherardi
2223964656,Meliana18Dewi,winda dewi
2269578620,nim_lang,Nim language
2879326009,designsolv_lk,Designsolv (Pvt) Ltd
365365905,cuoricinachara,marcello marchetti
57608988,marisaabarrio,Marisa Rodr√≠guez Abarrio
96406380,ItaliaNoleggio,ItaliaNoleggio.it
23006156,jdsboston,‚òÅÔ∏è  Josh Sanderson ‚òÅÔ∏è
3147762792,VakhtangTivadze,Vakhtang Tivadze
1061010172020109313,Elin_ai_,Elin.ai
829481318849269760,ir_ignite,Ignite
1273433708,extra_sterk,chris sterk
539430946,masxmau,Massimo Mauri
121049123,INGVterremoti,INGVterremoti
14094468,al3xandru,Alex Popescu
106369347,mindshub,mindshub.com
1047167726,suevoz,Iperboreo
166138615,amasad,Amjad Masad
467604265,pyflare,Mirco Grillo
463963,lorello,Lorenzo Salvadorini
14620179,stoyanstefanov,Stoyan Stefanov
71243759,whymca,WhyMCA
428284315,Ludo_poggi,Ludovico Poggi
3611041,danzarrella,Dan Zarrella
15145450,tueni,Sacha Tueni
2444171906,HayaOdeh,Haya Odeh
898046604,Nanda_Gade,Nanda Gerhanady
8854172,zendcon,ZendCon & OpenEnterprise
273095539,LauCastelletti,Laura Castelletti
998089157233831936,CrazyFo47813709,Leeza Mainali
14621598,dexin,dexin
791093125,NapoliHUB,Napoli HUB
7282592,MacHeist,MacHeist
15671725,fderbaix,Fran√ßois Derbaix
14583215,gravityblast,Andrea Franz
15671908,giskarda,Riccardo Setti
2917313309,ua1238u512,u a
1182541246004379648,TechWithPoppy,Pranjal Tiwari
793799617,flaviowbrasil,Flavio Brasil
127870034,fed29,Federico Angaramo
347546816,IdeasGate,Ideas Gate
28779805,ciddi3d,Carmine della Sala
304555826,workoutnatural,Workout Naturally
11478842,lightech,Light Tech
209659835,Viewunity,Viewunity Bonnen
1517561,funkysurfer,Marco Zamperini
1709648292,seedble,Seedble
49752598,cleweet,Cleweet
47655447,MarcoChiletti,Marco Chiletti
102052335,allo75,Alessandro Lombardi
450529134,bValeryynkv_,Valery Evans
78589126,matteomoci,Matteo Moci
21442665,jiggityk,Jong-Moon Kim
17248395,ramirose,Rami Rosen #FBPE
16199845,sincandela,Salvatore Incandela
12005952,jumpbox,jumpbox
19389905,sourcesense,Sourcesense
96198115,xybale,Alessandro Carabini
115291023,FogLady,≈î∆êFƒ™ƒø‚ô°∆ê
90125298,CodemotionIT,Codemotion
392639508,DanieleArrighi,Daniele Dada Arrighi
83833979,mconventi,Maurizio Conventi
2569881,orta,./orta --tsc
18865789,lawrenceoluyede,Lawrence Oluyede
103233844,mariopiogioiosa,Mario G.
13056322,coppolapaolo,Paolo Coppola
16202088,Infobright,Infobright
442449363,toptal,Toptal
3378462195,bddeditor,BDD Editor
1213584496156495873,flaviosaturno1,flaviosaturno
17776345,lucapanzarella,Luca Panzarella
42417984,OliverChristie,Oliver Christie
690953,jsON,Ric Johnson
230114234,stefanopistillo,Stefano Pistillo
15680614,ShallieBey,Shallie Bey
1000591,fredwilson,Fred Wilson
913502140546650113,rsmendes15,Ricardo Mendes
40846799,gianmarcotoso,Gian Marco Toso
11486902,voidspace,Michael Foord
94324642,ShooterHatesYou,Alessandro Masala
32982951,helloburnett,michael burnett
9478172,dcaravana,Diego Caravana
2295237721,4Yottio,Yottio
1730628265,MoctoberBanana,Matt Watts
494357346,startup_italia,StartupItalia
3131001807,MainlineSrl,Mainline S.r.l.
4743712282,giolazzareschi,Giordano Bruno
7818842,eriklumer,Erik Lumer
2964803417,latticecf,Lattice
826713112304898049,FabianaLanotte,fabiana Lanotte
3625331,leeander,leandro agro
14111262,DianaZink,Diana Zink
166679171,jenuinoo,Jenuin≈ç
815223523,WeMetooo,Metooo
3881784077,thapelosingwan1,Thapelo singwae
5723512,stefanobernardi,Stefano ‚Çøernardi üå≤
1035950058,arturodantonio,Arturo D'Antonio
18831353,franciriaci,Francesco Ciriaci
1183747500848701441,luciano_mocci,Luciano Mocci
14114392,thoughtbot,thoughtbot
421433392,AveBicci,Averardo Bicci ‚öú üá™üá∫
263152289,iloveigloo,Igloo
245326601,olinicola,Oli G
2439996484,robo123_,robo
819717383975739392,thecodingtrain,The Coding Train
16737673,mrfabbri,mrfabbri
304048139,gwvatieri,Giovanni W. Vatieri
13593022,LAYLAPAVONE,Layla Pavone
1580165978,SIYAMDAKA,Raphael Mud
48721219,_LOGOPRO,Logopro
20410251,Lauri_Apple,Lauri Appleüçéüñ•üá™üá∫
23031895,happygowendy,Wendy Tai
27226251,3cld,3 Cloud
44003552,BreakawayBoston,Breakaway
3333910872,HamptonCourtA1,Hampton Court
73888270,stefanoscozzese,Stefano Scozzese
5206791,bartaz,Bartek Szopka
7071902,fdiotalevi,filippo diotalevi
16217035,fabiolalli,Fabio Lalli
19362860,larsgeorge,Lars George
14237201,marshmallocreme,Marshall Sontag
998209441,albaturchese,alba turchese
17266725,TonyRobbins,Tony Robbins
19888273,pirroh,Michele Catasta
52685182,Giucip,Gius
2602006797,cippus,Filippo Giovanazzi
10975842,ryanbubinski,Ryan Bubinski
15170239,lorenzocassulo,Lorenzo
1213168364,Helmets4us,Helmets4us
75463449,languageMBA,JudyIT
36142014,xinchung,Xin Chung
695192284531396608,nexipayments,Nexi
53969312,killanaca,Alessandro Ursino
24609329,TheCloudNetwork,The Cloud Network ‚òÅÔ∏è by @OpineMediaGroup
18317890,RhoMobile,RhoMobile
125796953,AndreaDraghetti,Andrea Draghetti üë®üèª‚Äçüíª üé£
399475427,chasmapp,Chasm.io
235374036,ltorobala,Leopoldo Toro
12551742,alberto_cottica,Alberto Cottica
212593666,asnewbrain,Angelo Sala
17645987,jclotet,jclotet
133663270,fondazionercm,Fondazione RCM
15698507,scottbelsky,scott belsky
418351787,BradWarga,Brad Warga
329747317,cloudmessage,Cloud Messaging
54496837,deart_com,Laura Tediosi
6787022,nestoria,Nestoria
52725117,laserllama,Michael DeHaan
1072399535694065664,ConnieWan6,Connie Wan
14652647,stefanomasini,stefanomasini
55547116,NoaSign,Noasign
234329868,MaxManzini,Massimiliano Manzini
137337075,Piersoft,Piersoft
20945204,rcigni,Raffaele Cigni
238525435,NiceMusicPlayer,NiceMusicPlayer
224003788,giovannibieller,Giovanni Bieller
18539631,StartupPro,Martin Zwilling
834853421102616579,CristinaZenga,Cristina Zenga
543661245,sarajulia16,sara julia
45587838,thinglabs,Thing Labs
6790792,repule,Paolo Ingrosso
57122539,TomZ85,Andrea Tomasello
470261867,beauty_style100,rochasmile
754426411,MAKAVELLI47,stanischux@gmail.com
6267452,maxpelle,Max Pellegrini
443718436,sbTarynn,Taryn Torres
770243734583795712,Endeavor_Italy,Endeavor Italy
23045374,PadovanFlavio,Flavio Padovan
47686913,Sam_Gross,Sam Gross
72816885,nosqlberlin,nosqlberlin
137865367,martinsansone,Martin Sansone
110078376,FINIXTS,FINIX Technology Solutions
10744252,matteofabiano,Matteo Fabiano
3223301216,SM_Alfarajat,Sam
21998819,ivanfarneti,Ivan Farneti
2006261,maccaw,Alex MacCaw
16232304,kphillpotts,Kym Phillpotts
164081590,terrencebenade,Terrence Benade
1143541720002572297,PagoPA,PagoPA S.p.A.
189247541,wasowskijarek,Jarek Wasowski
14659682,smarturo,smarturo
20427282,enzolefevre,Enzo Le Fevre C.
2252321940,taiwo_fredrick,Taiwo Fredrick
9418092,andrealamesa,Andrea La Mesa
14065217,sandy_carter,sandy carter
17806876,RhysBB,RhysBB
15185597,dgiluz,Gianluca Dettori
451917614,ahsanhaqs,Ahsan Ul Haq
26720438,UMMgl,Gianluca Nardin
29521008,baianetwork,BAIA
819444758,hidaawal,Awal Hidayanto
36683045,aceyus,Aceyus
3221732782,OriMPowerPlus,Oriana Miranda
3007299401,salcar65,Salvatore Caruso
22003546,Marcocossu,Marco Cossu
1001123971260211200,keshavlochun3,KOYO √ù√É≈†H
63174023,andreaaa_p,Andrea Piovani
14139781,tommasor,.Tommaso Sorchiotti
153600646,angelaila2,AnGie BravO ‚ô•
15188626,rucka,Gianluca Carucci
15188631,ompemi,Omar Pera üí¨
17285940,tinkerlondon,Tinker London
58181147,lyricalpolymath,beltran
2646428635,thepatwalls,Pat Walls
25676186,void_ita,Dario De Agostini
381144485,gcerroni,Giampiero Cerroni
22017949,mymatteo,Matteo Girardi
16240267,instapaper,Instapaper
2832114413,RedwoodPtrs,Redwood Partners
63427216,my_new_startup,My New Startup
52417302,GiuseppeCastell,Giuseppe Castelli
337630391,ASolimene,Andrea Solimene
13096242,simonstl,Simon St.Laurent
47699270,lilloraffa,Raffaele Lillo
601255953,Quickmediator,Quickmediator
16242081,bhorowitz,Ben Horowitz
1172821526,BoGianpaolo,Gianpaolo Bo
14210532,gabrieligm,Gianmarco Gabrieli
14145631,valeriopaolini,valeriopaolini
23582980,RiccardoMercati,Riccardo Mercati
14145846,flavia_marzano,Flavia Marzano
177723884,Gamification,Gamification
104847926,keithepetri,Keith Petri
15834162,AndrewSumin,Andrew Sumin
47700895,innodinner,Innovation Dinner
1039361,cwensel,Chris K Wensel
14146621,websushi,websushi
22011248,LinneaPassaler,Linnea Passaler
6806902,alegher,Fabio Allegreni
257417281,fcristofari,Fabio Cristofari
7856222,njvitto,Nicola Junior Vitto
14147716,jaromil,Denis Roio
28303925,xelisewin,Elisa S Passerini
485483139,CloudifyHQ,Cloudify
19915641,Better_Software,Better Software
892855218,piercarlo_s,Piercarlo Slavazza
90170645,BettyanMZumste,Bettyan M. Zumste
365946149,cyberteo,Matteo Danelli
3182945646,lil_bajaj,M Bajaj
16601321,MisterInox,Paolo Nardini
132113867,balu_nannaka,Bala krishna
53995152,drperiod,Period Tracker
747434831311740928,jibinzone,ben
156232138,luxlongo,Luca Longo
26208862,virgingalactic,Virgin Galactic
710463119886262272,cburniske,Chris Burniske
404744898,pietrogoodjohn,Pietro
250080367,campo1987,Campolini St√©phanie
857167182027005952,CharleebPacuhil,CharleebPacuhillinn
70774832,BrunoFeroldi,Bruno Feroldi
181399790,lkdifferent,linkdifferent.it
14152005,altomic,Altomic
237498702,simonezando,simone zandon√†
78640130,maxpucciarelli,Max Pucciarelli
20444384,Iperium,Iperium
72873579,fabrizioerr,Fab.Er
231208649,hosseeb,Haseeb Qureshi
27260996,andreabettini,Andrea Bettini
378534502,MrFigeland,Ricardo Figeland
146799361,Giack_,Giacomo Sortino
59768236,giuliano__,Giuliano Cioffi
60816980,radiohead0401,Billy Yang
116391557,restlessCutie63,Aniyah Morris
586940410,filneg,Filippo
251133936,itstartupscene,Italian StartupScene
