connection,username,name,seed_users_following_you
17765013,odersky,Martin Odersky,94
22874473,heathercmiller,Heather Miller,82
29444566,milessabin,Miles Sabin,82
170718652,propensive,Jon Pretty,80
14302386,adriaanm,Adriaan Moors,79
2553304388,li_haoyi,Li Haoyi,78
19418890,jsuereth,Josh Suereth,76
1279634682,typelevel,typelevel.scala,72
1221300014,scala_lang,Scala,72
162283,eed3si9n,‚àÉugeneü•ôyokot‚àÄ,72
4325301,retronym,Jason Zaugg ‚öôÔ∏è,71
6586332,djspiewak,Daniel Spiewak,70
2375844330,scaladays,Scala Days,69
181862144,eugene_burmako,Eugene Burmako,69
16602164,lightbend,Lightbend,69
298215863,sjrdoeraene,S√©bastien Doeraene,69
18994558,jaguarul,Iulian Dragos,68
18160154,jboner,Jonas Bon√©r,68
137840520,SethTisue,Seth Tisue,65
14622451,etorreborre,etorreborre,65
455142411,olafurpg,√ìlafur P√°ll Geirsson,64
7773542,runarorama,R√∫nar,64
548301113,larsr_h,Lars Hupel,64
410854648,tpolecat,Rob Norris,63
16935750,jamie_allen,Jamie Allen,62
19757713,hseeberger,Heiko Seeberger,62
52061552,viktorklang,Lgd. Viktor Klang ÍôÆ,61
15406736,alexelcu,Alex Nedelcu,60
14430021,mpilquist,Michael Pilquist,60
56078861,rolandkuhn,Roland Kuhn,59
315265842,cvogt,Christopher Vogt,59
46982053,dwijnand,Dale Wijnand,58
21536116,pchiusano,Paul Chiusano,58
146948976,StefanZeiger,Stefan Zeiger ü¶ã,58
8041522,d6,‚õ≠ etherik ‚õ≠,57
40961352,LukaJacobowitz,Luka Jacobowitz üè≥Ô∏è‚Äçüåà,57
6562002,debasishg,Debasish (‡¶¶‡ßá‡¶¨‡¶æ‡¶∂‡¶ø‡¶∏‡ßç) Ghosh üáÆüá≥,56
54490597,ktosopl,Konrad ‚Äòktoso‚Äô Malawski,56
26209148,gkossakowski,Grzegorz Kossakowski,55
30200730,bvenners,Bill Venners,53
15740484,mircodotta,Mirco Dotta,53
15232432,deanwampler,Dean Wampler,53
3425836427,scalaworldconf,Scala World,53
2911461333,DanielaSfregola,Daniela Sfregola,51
15123574,timperrett,Timothy Perrett,51
6510972,travisbrown,Travis Brown,51
2264250288,ScalaTimes,Scala Times,51
16156256,noelwelsh,Noel Welsh,51
18944723,raulraja,Ra√∫Œª Raj‚ìê,49
2508068426,jvican,Jorge Vicente Cantero,49
418936416,philippkhaller,Philipp Haller,49
474974342,alexprokopec,Aleksandar Prokopec,48
799616,_JamesWard,James Ward,47
98145567,helenaedelson,Complex Human,47
5961382,rit,brendan. allegedly. ü¶¶,46
43522344,den_sh,Denys Shabalin,46
8815922,posco,P. Oscar Boykin,46
52010763,davegurnell,Dave Gurnell,45
11352392,adamwarski,Adam Warski,44
15229928,gabro27,Gabriele Petronella,44
17863888,ijuma,Ismael Juma,44
200653266,mandubian,mandubianhotep,44
8495542,sirthias,Mathias,43
7534882,lrytz,üÑªüÖÑüÑ∫üÑ∞üÖÇ üÖÅüÖàüÖÉüÖâ,43
30564968,FelixMulder,Felix Mulder,43
17271117,jdegoes,John A De Goes,43
15177704,jroper,James Roper,42
17779075,channingwalton,ùóñùóµùóÆùóªùóªùó∂ùóªùó¥,42
249073676,huntchr,Christopher Hunt,42
1372082066,ScalaItaly,ScalaItaly,41
118185789,patriknw,Patrik Nordwall,41
410939902,headinthebox,Erik Meijer,41
19044984,jamesiry,James Iry,41
77062104,nadamin,Nada Amin üá®üá≠ŸÜÿØŸâ ÿ£ŸÖŸäŸÜ,40
54610272,mabrewer7,Mark Brewer,40
788835,dickwall,Dick Wall,40
155604471,JulienTruffaut,Julien Truffaut,40
258032124,ChiefScientist,Alexy Khrabrov and 2020 others,40
978819294535585792,yifan_xing_e,Yifan Xing,40
2557309010,alxarchambault,Alex Archambault,40
55532730,tbjerkes,Trond Bjerkestrand,39
22902780,lutzhuehnken,Lutz H√ºhnken,39
46573604,adelbertchang,Adelbert Chang,39
2453916726,scala_sbt,sbt,39
3004515224,ScalaBridge,ScalaBridge,39
704279159871315968,scala_native,Scala Native,38
14052358,gclaramunt,Gabriel Claramunt,38
25103,jessitron,Jessica Joy Kerr,38
215271396,darkdimius,Dmitry Petrashko,38
307811422,ValentinKasas,üôè override lazy val ‚ù§Ô∏è,37
440686069,akkateam,Akka Team,37
15594928,holdenkarau,holden karau,37
2594814704,ebenwert,Justin Kaeser üßºüëèüí¶,37
11530592,noelmarkham,Noel,37
20909005,EncodePanda,Pawe≈Ç Szulc,36
13334762,github,GitHub,36
14461202,cbirchall,Chris Birchall,36
187074794,47deg,47 Degrees,35
16436452,nuttycom,Kris Nuttycombe,35
439249277,underscoreio,Underscore,35
791652549338226689,triple_quote,Triplequote,35
17606964,BartoszMilewski,Bartosz Milewski,35
376372559,nescalas,Northeast Scala Symposium,35
33860779,Jorge__Galindo,Jorge Galindo (@üè†),34
26864569,dcsobral,Daniel Capo Sobral,34
27537837,kelleyrobinson,Kelley Robinson,34
2473138729,ScaleByTheBay,Scale by the Bay,33
16030207,kaffeecoder,Daniel Westheide,33
3438871047,scala_js,Scala.js,33
920378737,thescalawags,Scalawags Podcast,33
16781974,kmett,Edward Kmett,33
2863743586,scalaexchange,Scala eXchange London,32
111539364,h3nk3,@h3nk3 üá∏üá™üá¨üáßüá∫üá∏,32
117884044,ScalaIDE,Scala IDE,32
32418837,andygscott,Andrew Scott,32
234362929,mjpt777,Martin Thompson,32
295976669,joescii,Joe Daniel Barnes,32
1946871116,scalarconf,Scalar Conference,32
433898790,stewSqrd,Stewart ¬∑ Stewart,32
2340978469,ScalaFriends,Scala Friends,32
1234718042,darjutak,Darja Jovanovic,32
16892506,renatocaval,Renato Cavalcanti,32
19324013,rossabaker,Ross A. Baker,31
2150733381,a_dev_musing,Rory,31
5429202,yukifartlek,Amateur,31
33549968,MariaLiviaCh,Maria Livia C.,31
12503922,bodil,"Bodil Stokke, Esq.",31
178018894,Blaisorblade,Paolo G. Giarrusso,31
1382893914,ScalaIO_FR,ScalaIO_FR,31
188404315,coolscala,Cool Scala,30
198579020,kubukoz,Jakub Koz≈Çowski Œª,30
37858862,kailuowang,Kai(luo) Wang,30
14639927,BrianGoetz,Brian Goetz,30
18273442,thecoda,Kevin Wright,30
108973855,cakesolutions,Cake Solutions Ltd,30
17196443,playframework,Play Framework,30
19482985,fst9000,Frank S. Thomas,30
112137024,aloiscochard,functional.cafe/@alois,30
19150497,virtualvoid,Johannes Rudolph,30
165106369,pbvie,Petra Bierleutgeb,30
1128765451,tiarkrompf,Tiark Rompf,30
806630282795319300,ScalaSwarmConf,Scala Swarm 2020,29
184016348,BesseIFunction,Marina üíô,29
39728206,bantonsson,Bj√∂rn Antonsson,29
29976216,honzam399,Jan Mach√°ƒçek,29
34270684,puffnfresh,Brian McKenna,29
201130645,matei_zaharia,Matei Zaharia,28
963250632,VladUreche,Vlad Ureche,28
1941471,tlockney,Thomas Lockney,28
353768648,huitseeker,Francois Garillot,28
21599649,richdougherty,Rich Dougherty,28
135231570,oxbow_lakes,Chris Marshall,28
6001592,JorgeO,Jorge Ortiz,28
980110936781574144,impurepics,Impure Pics,28
60093,d6y,Richard Dallaway,28
24160034,intellijidea,IntelliJ IDEA,27
146441370,c05m1x,Gorazd Kozmus,27
272515367,MasseGuillaume,Guillaume Mass√©,27
162605400,ScalaAtSO,ScalaAtStackOverflow,27
523929270,aaronmblevin,Aaron Levin,27
22037651,brianclapper,Brian Clapper,27
171419436,julienrf,Julien Richard-Foy,27
764012354631675905,BeeScalaConf,BeeScala Conference,27
2362979737,lambda_conf,LambdaConf,27
15295946,mrt1nz,Martin Krasser,26
14933951,biboudis,Aggelos Biboudis,26
160171917,sky1uc,Luc Bourlier,26
85144437,kvnwbbr,Kevin Webber,26
3330520708,pitopos,„Çà,26
793799617,flaviowbrasil,Flavio Brasil,26
14746057,skaalf,Julien Tournay,25
48823,havocp,Havoc Pennington,25
16587559,khrabrov,@chiefscientist,25
142589904,mariofusco,Mario Fusco üá™üá∫,25
820211,arosien,Adam Rosien,25
16048796,SusanPotter,Susan Potter,25
823986072,WiemZin,Wiem 2.1 üîß,25
12876952,elmanu,the network is reliable,25
1491081,hmemcpy,Igal Tabachnik,25
12130832,amandalaucher,Amanda Laucher,25
3342509847,Lambda_World,Lambda World,25
21493276,n8han,Nathan Hamblen,25
14130951,kings13y,kings13y,25
22738113,yakticus,Julie Pitt,25
17635878,edwinbrady,Edwin Brady,24
1548547333,tabdulradi,Tamer Abdulradi,24
2164547642,scalacheck,ScalaCheck,24
82293310,softwaremill,softwaremill,24
14149740,S11001001,Stephen Compall,24
16345873,skillsmatter,Skills Matter,24
14384644,mckeeh3,Hugh McKee,24
702990382393470976,Lagom,Lagom,24
196215917,oacgnol,Long Cao,24
233872539,mapastr,Mario Pastorelli,24
30073512,tixxit,Tom Switzer,24
181214200,xuwei_k,Kenji Yoshida,24
923242740728631297,_zainabali_,Zainab Ali,24
536772025,StewOConnor,s2w,24
2415160136,unisonweb,Unison,23
199209052,TheOTown,Oliver J. White,23
93224926,ochrons,Otto Chrons,23
6603532,b0rk,üîéJulia Evansüîç,23
23006699,jteigen,Jon-Anders Teigen,23
1398261,sellout,Greg Pfeil,23
2422588014,Tornadolobo,Sandra Wolf üê∫,23
420976329,apnylle,Johan Andr√©n,23
812786137,petr_zapletal,Petr Zapletal,23
4642951,swartzrock,Jason Swartz,23
34778769,springrod,Rod Johnson,23
4569047273,LX_Scala,LX Scala & Reactive 2019,23
9889292,nraychaudhuri,Nilanjan R,23
2515746551,SofiaVJones,Sofia Vaughan-Jones,23
1057665338,DajanaGuenther,Dajana,23
786501293330173952,scalameta,Scalameta,23
719354688,ShadajL,Shadaj Laddad,22
76561387,nehanarkhede,Neha Narkhede,22
361122703,VirtusLab,VirtusLab,22
41674718,m_st,Mirko Stocker,22
303056479,FouriersTrick,Cody Allen,22
18713,al3x,Alex Payne,22
7401782,dmarsh,Dianne Marsh,21
61135090,joshbloch,Joshua Bloch,21
14407620,pvillega,"Snowflake, Esq.",21
282739245,shipilev,Aleksey Shipil√´v,21
12844902,clementd,cŒªementd on mastodon,21
311449627,Oli_kitty,Oli,21
12056892,stuhood,Stu Hood,21
50956346,pavelfatin,Pavel Fatin,21
3241576024,volpegabriel87,GabrieŒª VoŒªpe,21
13192,avibryant,Avi Bryant,21
79906250,derekhenninger,Derek Henninger,21
40545671,Gilad_Bracha,Gilad Bracha,21
14206328,myfear,Markus Eisele,21
2458121491,harrylaou,Harry ŒªaouŒªakos,21
157671522,muuki88,Muki Seiler,21
38913594,jaceklaskowski,Jacek Laskowski,21
1243555766,ScalaFact,ScalaFact,21
251591720,londonscala,London Scala User Group,21
2880203504,curry_on_conf,Curry On Conf,20
1345043875,Functionalworks,Functional Works,20
14299819,mreinhold,Mark Reinhold,20
7698,marius,marius eriksen,20
26724164,khayes4days,Kathleen Hayes,20
52684835,ryanlecompte,Ryan LeCompte,20
81970196,Mkelland,Mike Kelland,20
4836045227,gosubpl,Janek P,20
62628733,runT1ME,Vincent Marquez,20
126226388,jaykreps,Jay Kreps,20
23021955,Gentmen,Kevin Meredith,20
40653789,burakemir,Burak Emir,20
295573357,sprayio,spray.io,20
318773287,diesalbla,Diego E. Alonso Blas,20
5748162,will_sargent,Will Sargent,20
226204003,ShaneDelmore,Shane Delmore,20
151535146,smdiehl,Stephen Diehl,20
33162329,ryanonsrc,Ryan Delucchi,19
14146389,jetbrains,JetBrains,19
16156646,tomas_mikula,Tomas Mikula,19
39829024,nickelsberry,Nick Elsberry,19
3130355062,ScalaUpNorth,Scala Up North,19
23971403,adriancolyer,Adrian Colyer,19
1075311183832539136,IntelliJScala,IntelliJ Scala,19
736380263387803648,davenpcm,Chris Davenport,19
100532692,kikisworldrace,Kiki's World Race,19
53169898,lkuczera,Lukasz Kuczera,19
28536865,derekwyatt,Derek Wyatt,19
16818440,corruptmemory,Jim Powers,19
93016827,guizmaii,Jules Ivanic,19
2563957176,jarek000000,Jarek Ratajski,19
17140452,NicolasRinaudo,Nicolas Rinaudo,19
3150467831,jodersky,Jakob Odersky,19
28331572,japgolly,David Barri,19
20013285,alexcruise,Agh,19
567642116,alissapajer,Alissa Pajer,18
14349496,Mads_Hartmann,Mads ‚ô•mann,18
265006521,iravid_,Itamar Ravid,18
132853743,fanf42,Francois Armand,18
4623142584,scalaspec,Scala Language Spec,18
2366625254,RomanowskiKr,Krzysztof Romanowski,18
1562518867,databricks,Databricks,18
86905773,mfirry,Marco F.,18
474087360,flatmaposlo,flatMap(Oslo),18
1063917887188922370,scala_love,Scala.Love,18
3315105618,stuckintheory,Sandro Stucki,18
1729289012,GabrielG439,Gabriel Gonzalez,18
724027212245008384,0hrely,ely üëª,18
44196397,elonmusk,Elon Musk,18
37688664,pedrofurla,Pedro Furlanetto,18
16665197,martinfowler,Martin Fowler,18
789753234961362944,scala_lisbon,Scala Lisbon,18
3930521,dpp,"David ""Bear Feeder"" Pollaküêà",18
2979751391,and_prf,Andrea,18
449981823,MarkusJura,Markus Jura,18
14796095,wendydevolder,wendydevolder,18
28544187,RayRoestenburg,Ray,18
3370311915,_codejitsu,Alex,18
1287555762,apachekafka,Apache Kafka,18
2444034188,ScalaMatsuri,scalamatsuri,18
376825877,TwitterOSS,Twitter Open Source,18
10826422,ironfish,Duncan DeVore,18
931508449,argumatronic,Monoid Mary,18
14572517,deech,deech,17
47754999,andanthor,Alejandro Lujan,17
6815762,cmeik,march of the @penguins,17
56127471,missingfaktor,Rahul Goma Phulore #flattenthecurveü¶†,17
16891384,KentBeck,Kent Beck,17
35203517,jeanhelou,Jean Helou,17
2301597031,scalac_io,scalac.io,17
113660128,implicit_ly,implicit.ly,17
237889982,higherkinded,Nermin ≈†erifoviƒá,17
770209022,klaehnr,R√ºdiger Klaehn,17
11352672,szimano,szimano,17
464979933,nikivazou,Niki Vazou,17
14429713,venkat_s,Venkat Subramaniam,17
271516623,jeanqasaur,Jean Yang ‚ö°,17
15467458,Sadache,Sadek Drobi,17
13710982,seanparsons,seanparsons,17
702604969615052800,MRElsberry,Maureen Elsberry,17
766415696,drewhk,Endre S√°ndor Varga,17
50274209,pigworker,Conor Mc Bride,17
277437617,katiejots,Katie Ots,17
6844292,TwitterEng,Twitter Engineering,17
90640376,prasinous,Rose Toomey,17
750318839464853504,scalawavepl,Scala Wave,16
1721808378,manojah_shanti,Manohar Jonnalagedda,16
13447902,copumpkin,Dan P,16
335818451,vojjov,Vojin Jovanovic,16
810846128400896000,ScalaSphere,ScalaSphere,16
5970492,andy1138,ìÑøìàñìÇßìáå,16
37515662,viskobatz,Libby,16
6279162,softprops,Doug Tangren üêë,16
2821201293,Krever01,Wojtek Pitu≈Ça,16
1397791753,ZalandoTech,Zalando Technology,16
459949985,michaelarmbrust,Michael Armbrust,16
18106594,iamwarry,Maxime Dantec,16
3152447094,rahulmutt,Rahul Muttineni,16
28045502,strangeloop_stl,Strange Loop Conf,16
824776921,Evanfchan,Evan Chan,16
22909464,katrinsh,Katrin Shechtman,16
1675777418,KenScambler,kenbot,16
20847695,noootsab,a‚Ñïdy ‚Ñôetrella,16
229285768,jedws,Jed Wesley-Smith,16
50010328,leifwickland,Leif on the wind,16
360876715,benjymontoya,Benjy Montoya,16
19387980,loic_d,Lo√Øc Descotte,16
268923861,vkostyukov,Vladimir Kost—ékov,16
828985266488668160,ScalaQuest,ScalaQuest,16
392789686,aplokhotnyuk,Andriy Plokhotnyuk,16
4567722263,MateuszKubuszok,Mateusz Kubuszok,15
71042068,ekhfre,Fredrik Ekholdt,15
48783,dff,Donald Fischer,15
563961314,DrMarkCLewis,Mark Lewis,15
2694002833,breckcs,Colin Breck,15
22544940,teozaurus,teo danciu,15
19354604,alexey_r,Alexey Romanov,15
3060530396,RichardWhaling,Richard Whaling,15
777756197701099520,graalvm,GraalVM,15
326332967,owickstrom,Oskar Wickstr√∂m,15
8125452,ebowman,Eric Bowman,15
17534675,berenguel,"Ruben Berenguel, PhD",15
397782926,hillelogram,Hillel,15
254525249,rafalpokrywka,Rafa≈Ç Pokrywka,15
37239338,MattRussellUK,Matt Russell,15
1020790608,krakowscala,Krak√≥wScalaUserGroup,15
25731201,alvinalexander,Alvin Alexander,15
3667832543,mnduhem,Martin Duhem,15
14569541,puredanger,Alex Miller,15
1365221191,_ichoran_,Rex Kerr,15
6501992,silverSpoon,Andrea,15
749929365979422720,ScalaSlovenia,Scala Slovenia,15
2999586202,milanoscala,Milano Scala Group,15
76673184,VaughnVernon,Vaughn Vernon,15
785764172,githubstatus,GitHub Status,15
14733354,ahoy_jon,Jonathan Winandy,15
11870942,sushila,sushila,15
908220537545076737,vjkuncak,Viktor K.,15
320373620,bescala,BeScala,14
2318802312,papers_we_love,Papers We Love,14
10723232,mighdoll,Lee Mighdoll,14
552581863,pagoda_5b,pagoda_5b,14
181567056,d_christiansen,David Thrane Christiansen,14
17018404,tomerg,Tomer Gabel,14
1966437091,LambdaDays,Lambda Days,14
47886702,sinisa_lyh,Neville Li,14
50330729,jaimefjorge,Jaime Jorge,14
9462812,gwenshap,Gwen (Chen) Shapira,14
13240282,vdichev,Vassil Dichev,14
17712257,rxin,Reynold Xin,14
4324751,starbuxman,"Josh Long (Èæô‰πãÊò•, ‡§ú‡•ã‡§∂, –î–∂–æ—à –õ–æ–Ω–≥,  ÿ¨Ÿàÿ¥ ŸÑŸàŸÜŸÇ)",14
125485258,java,Java,14
138823724,guillaumebort,Guillaume Bort,14
501656285,vlovgr,Viktor L√∂vgren,14
19070986,Felienne,/Fay-lee-nuh/,14
46130870,richhickey,Rich Hickey,14
458594282,gourlaysama,Antoine Gourlay,14
556239136,ppremont,Patrick Pr√©mont,14
450169309,wanderlustzoe,Zo√´ Frances Weil,14
855835988,lexi_lambda,Alexis King,14
508705193,simon_yann,Yann Simon,14
1551361069,ApacheSpark,Apache Spark,14
14385735,_romac,Romain Ruetschi,14
141659077,functionaljobs,Functional Jobs,14
17208571,bertails,Alexandre Bertails,14
16905598,eamelink,Erik Bakker,14
44327341,inkytonik,Tony Sloane,14
390732311,simonpj0,Simon Peyton Jones,14
4836168244,monix,Monix,14
431984720,BoldRadius,BoldRadius Solutions,14
4794692436,adkozlov,Andrew Kozlov,14
1460194494,ScalaCourses,ScalaCourses.com,14
14459351,jstrachan,James Strachan,14
2900685628,cal_fern,Calvin L F,14
224107496,OE_uia,Taisuke OE,14
24999933,MichaelPNash,Michael Nash,13
2881214580,sfscala,SF Scala,13
121983312,Hungai,Hungai,13
484936561,PLT_Hulk,PLT HULK,13
2689861,conal,Conal Elliott,13
97435389,gersei,Gerolf Seitz,13
20933789,simonmar,Simon Marlow,13
164019927,MiraLak,Amira LAKHAL,13
1238971100,overopshq,OverOps,13
274176084,naikyworld,Fred CECILIA,13
1210788014512689152,phonytope,Paul Phillips,13
312822360,yoeight,Yo Eight,13
282050346,sschaef_,Simon Sch√§fer,13
43345734,psuter,Philippe Suter,13
405389911,vlpavkin,Vladimir Pavkin,13
15176657,jeremyrsmith,jeremyrsmith,13
31687642,scalaBin,Norwegian Scala UG,13
12285382,ragb,Rui Batista,13
20483,dclinton,Doug Clinton,13
60163619,ivantopo,Ivan Topolnjak,13
2543588034,clattner_llvm,Chris Lattner,13
2384071,timoreilly,Tim O'Reilly,13
826743740,ScalaVienna,Vienna Scala UG,13
435236587,_K_E_L_S_E_Y,kelsey ·ïï( ·êõ )·ïó,13
1675289756,codacy,Codacy,13
8758492,markhibberd,Mark Hibberd,13
460068322,PNeyens,Peter Neyens,13
775337801839734784,scalafiddle,Scala Fiddle,13
222663512,seratch,Kazuhiro Sera,13
911297187664949248,JeffDean,Jeff Dean,13
17522518,shajra,Sukant Hajra,13
16864630,thomaswue,Thomas Wuerthinger,13
2468191135,purelyfunc,Purely Functional Œª,13
48159875,pwendell,Patrick Wendell,13
368982167,pierangelocecc,‚Ñôierangelo ‚ÑÇecchetto,13
220145170,CompSciFact,Computer Science,13
108727060,juanpedromoreno,Juan Pedro Moreno,13
111600705,janschultecom,Jan Schulte,13
361220914,oxnrtr,soc,13
1025097565434458112,kai_nyasha,Kai,13
2274934645,typesafe2gether,Typesafe Together,13
851426517536178177,scala_symposium,Scala Symposium,13
1119467184,amsscala,Amsterdam Scala,13
735946480725430272,scalaexercises,Scala Exercises,12
191459309,__protected,Jonathan,12
48063062,ennru,Enno Runne,12
277381461,marcinmatuszak,Marcin Matuszak,12
14060301,matthewfarwell,Matthew Farwell,12
166154241,graydon_pub,Graydon Hoare,12
10000302,gideondk,Gideon de Kok,12
2494259054,ParisScalaUG,ParisScalaUG,12
324766896,emilyriehl,Emily Riehl,12
12087632,rafaparadela,rafa paradela,12
16902782,pdxleif,·õö·õñ·õÅ·ö† Warner,12
2777974996,jer_gib,Jeremy Gibbons,12
50727534,easyangel,„Ç™„É¨„Ç∞ ü§ñ,12
32086352,vpatryshev,Vlad Patryshev,12
56356501,rickynils,Rickard Nilsson,12
203209274,OpenJDK,OpenJDK,12
164217471,normanmaurer,Norman Maurer,12
33836629,karpathy,Andrej Karpathy,12
326217398,AdamRMurray,Adam Murray,12
14502222,loverdos,Christos KK Loverdos ‚òï,12
404119861,OweinReese,Owein Reese,12
1159671,amarapatel,Amar Patel,12
35743505,scalabase,Scala Bay,12
16484216,old_sound,Alvaro Videla,12
1017428432,lenadroid,Lena Hall,12
2426609737,http4s,http4s,12
386654463,nikomatsakis,Niko Matsakis,12
20753504,ctford,Chris Ford,12
183749519,paulg,Paul Graham,12
16244914,mslinn,Mike Slinn,12
833729730427940865,ScalaUA_Conf,ScalaUA Conference,12
57443587,lambda_ultimate,Lambda the Ultimate,12
17154727,FilippoDeLuca,Filippo De Luca,12
935415799,MarkusJais,Markus Jais,12
1111134668,lambdista,Alessandro Lacava,12
278108566,scalathon,Scalathon,12
15948437,spolsky,Joel Spolsky,12
790205,chadfowler,Chad Fowler,12
614873,analytically,Mathias Bogaert,12
24856265,miciek,Micha≈Ç P≈Çachta,12
1052449938880245760,not_xuwei_k,not Kenji Yoshida,12
18388189,jeichar,Jesse,12
2550140406,Scala_Dev,ScalaDev,12
15442198,ramnivas,ramnivas,12
766267395837222913,Scala_Central,Scala Central,12
137622400,przemekpokrywka,ŸÜ Przemys≈ÇawPokrywka,12
23055196,rintcius,Rintcius Blok,12
258418980,BruceEckel,Bruce Eckel,12
49313109,yminsky,Yaron Minsky,12
255617445,worrydream,Bret Victor,12
18943468,justinelsberry,Justin Elsberry,12
175624200,ID_AA_Carmack,John Carmack,12
2430396085,timnieradzik,Tim Nieradzik,11
41895002,SalarRahmanian,Salar Rahmanian,11
1819511,swannodette,David Nolen,11
51546468,joeerl,Joe Armstrong,11
1219628612,DrEugeniaCheng,Dr Eugenia Cheng,11
194632172,YuvalItzchakov,Yuval Itzchakov,11
14529770,gafter,Neal Gafter,11
22251772,laughedelic,Alexey Alekhin,11
379347037,wednesday099,Anna Bladzich,11
5839352,boia01,Alex Boisvert,11
720616108907237380,progpaintings,Classic Programmers,11
3293063837,AlicePermutive,Alice Lloyd,11
2167369261,SparkAISummit,#SparkAISummit (June 22-25),11
219842088,pdolega,Pawel Dolega,11
16629132,samth,Sam Tobin-Hochstadt,11
14277096,jducoeur,Mark Justin Waks,11
45456164,ochafik,Olivier Chafik,11
113610299,dwardoric,Jens Grassel,11
18864191,steshaw,‚ö°teven ‚ö°haw,11
11033,lindsey,Lindsey Kuper,11
2916305152,Snowden,Edward Snowden,11
4398626122,OpenAI,OpenAI,11
14462827,philwills,Phil Wills,11
14490236,ignaciocases,ignacio cases,11
14375091,manub,Emanuele Blanco,11
80530885,chbatey,Christopher Batey,11
104604540,EPFL_en,EPFL,11
17055506,martinkl,Martin Kleppmann üá™üá∫,11
390291193,blast_hardchese,Devon Stewart,11
8261382,dcbriccetti,Dave Briccetti,11
29678151,waxzce,Quentin 'üêß' ADAM,11
935064484149891072,p_gawrys,Piotr Gawry≈õ,11
113073137,D_Roch,Roch Delsalle,11
923297105602519041,LParreaux,Lionel Parreaux,11
12893642,donsbot,Don Stewart,11
932677457873981446,unyagami,Jefers√∏n DŒ±vid Ossa üè≥Ô∏è‚Äçüåà,11
1543029998,Scala_es,Scala Spain,11
186747934,stefanobaghino,Stefano Baghino,11
1263967268,HackerNewsOnion,HackerNewsOnion,11
22399212,youfoundryan,Ryan,11
15560520,mushtaqA,Mushtaq Ahmed,11
399937686,icfp_conference,ICFP Conference,11
14524070,rucek,Jacek Kunicki,11
19391416,jcranky,Paulo R. C. Siqueira,11
206278538,splashcon,SPLASH Conference,11
259654572,jb9i,jbgi,11
1863443858,predef1,(((predef))),11
16377511,rickasaurus,Richard Minerich,11
113651615,ivanov_d,Dmitry Ivanov,11
22350037,venechka,Eugene Vigdorchik,11
14375110,fogus,fogus,11
19100583,indrajitr,Indrajit Raychaudhuri,11
1057009435,PNWScala,PNWScala,11
443201797,knight_cloud,Ryan Knight,11
195140001,laurencetratt,Laurence Tratt,11
412129029,kpciesielski,Krzysiek Ciesielski,11
20844341,patio11,Patrick McKenzie,10
248823377,paf31,Phil Freeman,10
26374950,barambani,Filippo Mariotti,10
813286,BarackObama,Barack Obama,10
2285094571,nickstanch,Nick,10
704335582504292353,ScalaNews_b,Scala PLOW,10
227438195,HairyFotr,HairyFotr,10
2827342884,confluentinc,Confluent,10
3356531254,internetofshit,Internet of Shit,10
15589215,volothamp,Luca Molteni,10
1462480255,FunctionalTalks,Functional Talks,10
787084593304219648,lteqgt,Sebastian Harko,10
740654618401767424,beatleida,Ida Bzowska,10
154452733,rssh1,Ruslan Shevchenko,10
18388966,tomaspetricek,Tomas Petricek,10
16338070,martin_grotzke,Martin Grotzke,10
15155675,smarr,Stefan Marr,10
570562454,jrdesjardins,Jean-R√©mi Desjardins,10
899755575604645888,Scalents,Scalents,10
17645146,aishfenton,Aish Fenton,10
14335498,newsycombinator,Hacker News,10
7127592,jonoabroad,Jono,10
338024535,bibixdev,Bartosz Bierkowski,10
708573883868291072,reactivesummit,Reactive Summit,10
8346272,nkpart,Nick Partridge,10
1603266774,MadridScala,Madrid Scala Meetup,10
783339470632484866,Signify_Tech,Signify Technology,10
417198788,makingthematrix,Maciek Gorywoda,10
2795705914,ScalazPerDiem,Scalaz Per Diem,10
43968482,LeszekGruchala,Leszek Grucha≈Ça,10
1934724733,meriamLachkar,Meriam L,10
238816780,ZachAMcCoy,Zach McCoy,10
15429375,coltfred,Colt Frederickson,10
40228997,snoyberg,Michael Snoyman,10
24268304,w7cook,William Cook,10
165262228,rustlang,Rust Language,10
3311870396,ckipp01,Chris Kipp,10
14451677,tackers,Graham Tackley,10
20656444,neurocy,cyrus omar,10
3086055838,n1ko_w1ll,Niko Will,10
28632036,brindelle,Bonnie Eisenman ü•Ñ,10
41074991,LunatechLabs,Lunatech,10
501190114,precog,Precog,10
20609518,DalaiLama,Dalai Lama,10
1216152452,guyremond,Guy Remond,10
18271443,chris__martin,Chris Martin,10
398456924,khatri_chetan,Chetan Khatri üáÆüá≥,10
68762452,michelschinz,Michel Schinz,10
137396807,ekrich,Eric Richardson,10
14368342,DRMacIver,David R. MacIver,10
2902082159,leifbattermann,Leif Battermann,10
458927048,scalatest,ScalaTest,10
11905382,notxcain,–ö–æ–Ω–≥—Ä—É—ç–Ω—Ç–Ω–æ—Å—Ç—å –∏ –∞–∫—Ç—É–∞–ª–∏–∑–∞—Ü–∏—è,10
28442980,joshcough,josh cough,10
150,stevej,Steve Jenson,10
915909414191816704,ScalaAtTheSea,Scala at the Sea,10
13251382,mattmight,Matt Might,10
15473958,MarsCuriosity,Curiosity Rover,10
130083828,ymasory,Lily Masory,10
734184738,JohnRose00,John Rose,10
876620772,czaplic,Evan Czaplicki,10
29454655,killnicole,Vic,10
16748247,sigfpe,1/(1 - 1/(1 - 1/(1 - Dan Piponi))),10
10224712,pcalcado,Phil Cal√ßado,10
223923566,lambda_calculus,David Van Horn,10
4215027858,cliff_click,Cliff Click,10
36911248,maasg,Gerard Maas,10
24663814,oddan,Odd M√∂ller,10
25663453,dsymetweets,Don Syme \n,10
1382479956,dubochet,Gilles Dubochet,10
1193160652250066945,zivergetech,ziverge,10
61169425,lambdamix,Ilya Klyuchnikov,10
2885646156,bigscala,Scale By the Bay,10
16431138,TacticalGrace,Manuel Chakravarty,9
1140795000,Scalabitz,Scalabitz,9
2887295345,tudor_zgureanu,Tudor Zgureanu,9
33838201,GoogleAI,Google AI,9
1169244483105566720,scala_the,TheScalaCommunity,9
369987139,JanStette,Jan Stette,9
710152122550120449,scalagoon,Scala by the Lagoon,9
140210976,Coderspiel,Coderspiel,9
39043152,eleansa,Eleanna Skouta,9
478519250,PLT_Borat,PLT Borat,9
16944310,nmartignole,Nicolas Martignole,9
18731548,dispalt,Dan Di Spaltro,9
954786982043045888,LiquidSloshalot,Ryan Peters | Sloshy,9
29532976,justinhj,justinhj,9
255211831,nremond,Nicolas R√©mond,9
14395584,maciejb,Maciej Bi≈Ças,9
111740857,aaron_turon,Inner Exhibitionist üåà,9
778897,acid2,ollie,9
1022008639,nitsanw,Nitsan Wakart üë∫,9
20536157,Google,Google,9
2889751463,kotrebski,Krzysztof Otrebski,9
16110978,fiadliel,Gary Coady,9
25897388,GeeCON,GeeCON,9
610392096,connerdelights,Andrew Conner,9
1138103090,CallbackWomen,CallbackWomen,9
240999397,seg1o,Sean Glover,9
56698872,almendar,Tomek Kogut üáµüá±,9
988807935055843329,vamchale,Vanessa McHale,9
14749606,Dropbox,Dropbox,9
150231403,johofer,Joachim Hofer,9
14059466,jmerritt,Jonathan Merritt,9
9505092,unclebobmartin,Uncle Bob Martin,9
58605190,jeremysiek,Jeremy Siek,9
111080814,FPerezP,Fran P√©rez,9
101240214,mpapasofokli,Marios PapasofokŒªi,9
342219411,Joro_Kr,Georgi Krastev,9
1913345665,christhalinger,Chris Thalinger,9
235621349,calncal,Edward,9
40396720,melezov,Marko Elezoviƒá,9
9989362,headius,Charles Nutter,9
78878071,francisco_dr,Francisco Diaz,9
28601180,chuacheeseng83,Chua Chee Seng,9
2772491050,LambdaCon,LambdaCon,9
182841512,scalajos,jose romero,9
14379561,jaliss,jorge,9
39684627,gereedy,Geoff Reedy,9
30729612,EelcoVisser,Eelco Visser,9
490485465,WarszawaJUG,Warszawa JUG,9
394689864,tobiasschlatter,Tobias Schlatter,9
707484470392332288,hipsterelectron,danny mcClanahan (the artwork),9
2560553782,lootser,Eric Loots,9
135189214,scalatribes,Scala Tribes,9
84419558,purefn,Richard Wallace,9
18691746,juliagalef,Julia Galef,9
4571104756,sinisalouc,Sinisa Louc,9
1137756254,bishabosha,Jamie Thompson,9
966798727,oleg_pyzhcov,–û–ª–µ–≥ –ü—ã–∂–∫–æ–≤,9
173560560,ogirardot,Olivier Girardot,9
814731702,fancytypes,Stephanie Weirich,9
14253068,mfeathers,Michael Feathers,9
746083131917230080,FunctorFact,Functor Fact,9
1689733885,seba0_,Sebastian Erdweg,9
20968416,liufengyun,liufengyun,9
260101753,specs2org,specs2.org,9
3410833751,lukasz_bialy,≈Åukasz Bia≈Çy,9
1213934569713328128,TheScalaLogs,The Scala Logs,9
39871377,CJPhelps,Chris Phelps,9
5637652,codinghorror,Jeff Atwood,9
2525594227,r_l_mark,RLM,9
2218050925,TomekGodzik,Tomasz Godzik üçâ,9
13694802,PeterHilton,Peter Hilton,9
216939636,AndrewYNg,Andrew Ng,9
2787206368,baandrzejczak,Bartek Andrzejczak,9
556354464,regan206,Aaron Regan,9
18264230,rjmh,John Hughes,9
731767503303651328,lievAnastazia,LievAnastaziA,9
89097023,brikis98,Yevgeniy Brikman,9
951637830,ShriramKMurthi,ShriramKrishnamurthi,9
32865583,raichoo,Mastodon: raichoo@chaos.social,9
3031548309,HaskellCEO,Haskell CEO,9
15096652,mtnygard,Michael Nygard,9
1319261383,lambdaladies,Lambda Ladies,9
197462405,jeslg,Jes√∫s L√≥pez-Gonz√°lez,9
18294689,ahjohannessen,ahjohannessen,9
101462508,remeniuk,Vasil Remeniuk,9
14270033,cquinn,Carl Quinn,9
14684035,philip_schwarz,Philip Schwarz,9
750794040,GeorgeTalksCode,George Wilson,9
6197182,ricky_clarkson,Ricky Clarkson,9
34743251,SpaceX,SpaceX,8
120768175,ndm_haskell,Neil Mitchell,8
352053266,coursera,Coursera,8
53134269,ben_fradet,Ben Fradet,8
84820862,gerferra,Germ√°n ùë≠ùíáerrari,8
15935566,beckythebest,beckythebest,8
1465652282,SeanWalshEsq,Sean Walsh,8
14943074,mwotton,Petulant Fig Nemesis (Mark 11:12-14),8
44857184,agemooij,Age Mooij,8
292307928,meta_Lloyd,Lloyd,8
328240301,lindydonna,Donna Malayeri comma PhD,8
14532023,regadas,regadas Œª,8
48334763,trannosaurusma,Tran Ma (‚âß‚ñ≥‚â¶),8
46957751,nathanmarz,Nathan Marz,8
991626959733055488,JoanG38,Joan Goyeau,8
266486772,tnurkiewicz,Tomasz Nurkiewicz üáµüá±,8
722,neha,Neha Narula,8
2827293795,zichi_hts,Christian Zichichi,8
866583622693912577,ItCfpList,IT CFP List,8
109690809,stephaneledorze,stephane le dorze,8
138203134,AOC,Alexandria Ocasio-Cortez,8
1040685635881848834,MxLambda,sara :: forall a. a,8
531712932,FPComplete,FP Complete,8
14526430,tastapod,Daniel Terhorst-North,8
1048734368,ScalaCamp,ScalaCamp,8
27052339,jliszka,Jason Liszka,8
195712486,purijatin7,Jatin Puri,8
68742572,Odomontois,Oleg Nizhnik,8
6149572,dysinger,Bushcraft Skills ‚â• TP,8
3438841479,LambdaJobs,Lambda Jobs,8
12381352,WardCunningham,Ward Cunningham,8
11322372,holman,Zach Holman,8
14307465,avsm,Anil Madhavapeddy,8
636944846,jacek_beny,Jacek Modrakowski,8
260460898,Bhudjo,Alec,8
5502392,mojombo,Tom Preston-Werner,8
7211802,SammyRulez,Sam Reghenzi,8
2251623492,xkcdComic,XKCD Comic,8
1217142131149508608,zioscala,zio,8
3080010940,philderome,Phil Derome,8
17257535,samklr,Sam Bessalah,8
2358062750,WarszawScaLa,Scala in Warsaw PL,8
9587042,dimetron,Ô£ø Dmytro Rashko,8
41575148,daggerrz,Dag Liodden,8
12283972,chrisleague,Chris League,8
300716621,ticofab,Fabio Tiriticco,8
14278336,OracleCodeOne,Oracle Code One,8
439119123,markus1189,Markus,8
334678478,kotlin,Kotlin,8
47494539,kellabyte,Kelly Sommers,8
543150716,bcdsoliveira,Bruno Oliveira,8
92728757,fede_fdz,Fede Fern√°ndez,8
1525809806,grzkubiak,Grzegorz Kubiak,8
648533,tylerweir,Tyler Weir,8
559647944,zapletal_martin,Martin Zapletal,8
113963,Werner,Werner Vogels,8
246392165,Omnia_G,Omnia Ibrahim,8
14322781,oluies,√ñrjan,8
50393960,BillGates,Bill Gates,8
17049687,schrepfler,schrepfler,8
158583996,notvitor,‚ñà,8
541027577,onepaperperday,onepaperperday,8
140563902,fsarradin,Fran√ßois Sarradin,8
17923717,mmt_lvt,MMT+LVT,8
207618939,bentnib,Bob Atkey,8
29684485,palutz,Stefano Œª‚Çø.Œª‚ö°,8
7178502,kf,‚ú® kf ‚ú®,8
15956847,chrslws,Chris Lewis,8
21120872,Ciberon,Hugo Sousa,8
113375246,takezoen,Naoki Takezoe,8
16979139,ilyasergey,Ilya Sergey,8
702464998027743232,scalapeno_conf,Scalape√±o 2018,8
4773663076,mutcianko,Mikhail Mutcianko,8
1657278727,alexknvl,Alexander Konovalov,8
16559523,dchenbecker,Derek Chen-Becker,8
20487336,marektomas,Marek Tom√°≈°,8
1478033082,data_zen,Œª Tom Sosi≈Ñski,8
19334097,sbtourist,Sergio Bossa,8
166672305,quant_leap,Fernando Racca,8
368794229,dnvriend,Dennis Vriend,8
78353800,trupill,"Alejandro Serrano, Haskeller",8
217732810,jeroenrosenberg,Jeroen Rosenberg,8
415009262,caoilte_oconnor,Caoilte,8
14529426,aagahi,Alexis Agahi,8
4234052656,nicpereirahere,Nic Pereira üá¨üáßüá∏üá¨,8
11649392,taroleo,Taro L. Saito,8
3221404505,DATABIZit,databizit,8
362018669,alo_davi,Alo Dorian Codes üéß,8
775449094739197953,goodfellow_ian,Ian Goodfellow,8
16408008,domenkozar,Domen Ko≈æar,8
20410251,Lauri_Apple,Lauri Appleüçéüñ•üá™üá∫,8
816653,TechCrunch,TechCrunch,8
9417742,dcaoyuan,Caoyuan Deng,8
517660091,jczuchnowski,Jakub Czuchnowski,8
790620032,AoiroAoino,Naoki Aoyama,8
19730375,ngbinh,Binh Nguyen,8
15177758,ags313,ags313,8
316869223,LinkedInEng,LinkedIn Engineering,8
951963550339272717,lambd_ale,LambdAle,8
24507308,Safela,A. Podkhalyuzin,8
106137085,johnny_everson,Johnny Everson,8
15857589,cwmyers,Chris Myers,8
41997709,ArminKVanL,Armin Keyvanloo,8
3295588728,ibmcodait,Center for Open-Source Data & AI Technologies,8
6748002,thedoc,Mario Camou,8
60453212,clhodapp,Chris Hodapp,8
9617282,gregyoung,Greg Young,8
186006976,kosmikus,Andres L√∂h,8
44188191,ignasi35,Ignasi Marimon-Clos,8
342738627,sderosiaux,St√©phane Derosiaux,8
16110168,adilakhter,Adil Akhter,8
381289719,nntaleb,Nassim Nicholas Taleb,8
390893874,lachdrache,Alexander Daniel,7
18517825,ameliamango,Amelia Mango,7
817083,EricaJoy,EricaJoy,7
791882066,GrafBlutwurst,Graf Blutwurst,7
1035468098,DanielPous,Dani,7
1645028119,michael_w_hicks,Michael Hicks,7
2239304401,javeo_eu,Javeo,7
2832623057,Iceland_jack,Iceland_jack,7
52068354,nebelig,Domin,7
184844481,welltyped,Well-Typed,7
2493985832,jatcwang,Jacob Wang,7
1016715040601399296,Oleksandra_A,Aleksandra A Holubitska,7
38820433,richsummerhayes,richard summerhayes,7
204245856,gmethvin,Greg Methvin,7
160351442,luksow,≈Åukasz Sowa,7
96224514,mmartynas,Martynas,7
22006274,tr4po,o◊üo…êd…Ø…êƒ±b,7
15590193,wfaler,Wille,7
21561061,lagergren,Lagergren,7
313190305,roeschinc,Jared Roesch,7
8630302,dlwh,David Hall,7
115267721,RaymondTayBL,Raymond Tay,7
4558,harryh,Harry Heymann,7
835785240,RaulPiaggio,Ra√∫l Piaggio,7
817126397013618694,buggymcbugfix,‚àÄilem,7
5813712,antirez,ANTIREZ,7
104235099,mmenestret,Menestret Martin,7
1093637930617327620,ScalaBridgeLON,ScalaBridge London,7
387163076,jlprat,Josep Prat,7
14573681,douglea,douglea,7
25863066,vigosun,Rustem Suniev,7
455959910,ScalaHamburg,Scala-Hamburg.de,7
901995133,alexlashford,Alex Lashford,7
89575909,JaviTaiyou,Javi Taiyou,7
715582520197156865,TaliaRinger,Talia Ringer,7
1093635278013718528,SLatam2019,ScaLatam2019,7
3131162933,j_v_66,Jan Vitek ,7
181124598,charlesofarrell,Charles O'Farrell,7
3343209635,chrilves,Christophe Calv√®s,7
2877670111,ScalaMelb,Melbourne Scala UG,7
868604456,anne_biene,Annette Bieniusa,7
361172406,anamariamarvel,Ana,7
2988646737,parametricity,Parametricity,7
19280699,marioosh,Mariusz Nosi≈Ñski,7
14641788,cartazio,Carter T Schonwald,7
113130846,ycombinator,Y Combinator,7
706477238,hypotext,Katherine Ye,7
93711247,AndroidDev,Android Developers,7
18779579,FloWi,FloWi,7
722803445099409408,scalapolis_pl,Scalapolis Conf,7
104098660,ccshan,Chung-chieh Shan,7
14796100,conikeec,chetan conikee,7
15583376,giltene,Gil Tene,7
861573496970858496,enearportugal,e.near,7
63415561,ThomasPureblock,Thomas Meijers,7
3231558819,dmazurio,Damian Mazurkiewicz,7
185732705,heinzkabutz,Heinz Kabutz,7
4012448872,rafal_krzewski,Rafa≈Ç Krzewski,7
211269710,kayousterhout,Kay Ousterhout,7
856470069131522048,CKozmus,CKozmus,7
36203838,ErikEngbrecht,Erik Engbrecht,7
353206839,pbailis,Peter Bailis,7
12523662,karianna,Martijn Verburg,7
582839829,anotherSaboteur,another saboteur ‚ùÑÔ∏èüè≥Ô∏è‚Äçüåà,7
161667651,copyconstruct,Cindy Sridharan,7
2206153069,NthPortal,üè≥Ô∏è‚Äçüåàüå∏Princess | Aprilüå∏,7
121048354,piotrbuda,Piotr Buda,7
2759769840,sehurlburt,Stephanie Hurlburt,7
382569053,sperbsen,Mike Sperber,7
716086699,CodeMeshIO,CodeMeshIO,7
1897020504,GiulioCanti,Giulio Canti,7
828351774427852800,marcin_ba,Marcin Baraniecki,7
451240433,HeidyKhlaaf,Dr Heidy Khlaaf (ŸáÿßŸäÿØŸä ÿÆŸÑÿßŸÅ),7
6183202,Stephan007,üò∑ü¶†üí™üèº #CodingTime ü§ì,7
932387166,mioalter,Mio,7
3064583607,ScaleraBlog,Scalera,7
954369145554063360,haskellhutt,Graham Hutton,7
18627017,wouterswierstra,Wouter Swierstra,7
896384784,StephenPiment,Stephen Pimentel,7
138018550,admitscut,Dan Licata,7
427301617,scala_jp,scala_jp,7
501557394,ChipSenkbeil,Chip Senkbeil,7
1242213162,shit_scala_says,Shit Scala Says,7
1482581556,demishassabis,Demis Hassabis,7
2425733504,oss_scala,Scala OSS,7
865138687,TobiasRoeser,Tobias Roeser,7
278568311,AlanJay1,Alan Johnson,7
14441858,glaforge,Guillaume Laforge,7
728012379322077184,haskellweekly,Haskell Weekly,7
1469427907,antiselfdual,Mark Hopkins,7
475203233,dfacastro,Diogo (f a) Castro,7
396238794,CodeWisdom,Programming Wisdom,7
37434214,RunsAsCoded,Ryan Williams,7
582846448,mmatloka,Micha≈Ç Mat≈Çoka,7
143391552,lukaszlenart,Lukasz Lenart,7
83856327,steve_objectify,Steve Chaloner,7
575187510,CamJo89,Cameron Joannidis,7
345673106,WomenWhoCode,Women Who Code,7
2351418740,DevoxxPL,Devoxx Poland,7
18275645,danluu,Dan Luu,7
52196661,lucapertile,Luca Pertile,7
416909756,b_vasilescu,Bogdan Vasilescu,7
48582631,yawaramin,Yawar Amin,7
1601960299,dannygratzer,Daniel Gratzer,7
1924699993,deusaquilus,Alex Ioffe,7
115406098,janstepien,Jan Stƒôpie≈Ñ,7
245295354,andreymokhov,Andrey Mokhov,7
19237476,geeters,Geeta Schmidt,7
2339397540,AtomEditor,Atom Editor,7
4158529099,mrkgrnao,Soham Chowdhury,7
637533,coda,Omelas County Chamber of Commerce,7
976594048398999553,InnerProductLLC,"Inner Product, LLC",7
2750994354,math3ma,Tai-Danae Bradley,7
3346620873,pacoworks,Paco,7
372394401,TapadEng,Tapad Engineering,7
9632312,ted_dunning,((( ted_dunning ))),7
451711346,scalding,Scalding,7
1179769987621408769,FunScala2020,Functional Scala 2020,7
5972632,chrisamaphone,Chris Martens,7
862032652664287234,adamfraser,Adam Fraser,7
1399690844,ycaille_,Yannick Caill√©,7
84917467,danosipov,Dan Osipov üêú,7
2293875476,conescala,The dual of nescala,7
11348282,NASA,NASA,7
48438293,DerDackel,Sebastian Jackel,7
91216497,_pauldale_,Paul Dale,7
495663839,TinyToCS,TinyToCS,7
303346902,dordogh,Dorothy Ordogh,7
2268465488,GeorgeLudwigCTO,George Ludwig,7
2813398537,kubernetesio,Kubernetes,7
563361971,ScalaFacts,Marconi Lanna,7
16126822,nicolasleroux,nicolasleroux,7
133191041,jorgescala,Jorge Ortiz,7
314177238,lukeindykiewicz,≈Åukasz Indykiewicz,7
564919357,iamdevloper,I Am Devloper,7
226275674,jan______,Jan Zy,7
522449564,mat4nier,Mat Fournier,7
376618837,j_houg,Juliet Hof-Hu-How do you say Hougland?,7
163544554,PLDI,PLDI,7
15224269,tedneward,Ted Neward,7
3425839234,mike_limansky,Mike Limansky,7
20719205,caitie,Caitie McCaffrey,7
104245499,littlecalculist,Dave Herman,7
21432560,lancewalton,üî∂üî∏ Lance üî∏üî∂,7
142507295,jonathoda,Jonathan Edwards,7
17467170,ErichGamma,ErichGamma,7
50090898,googledevs,Google Developers,7
1123350050,LanderLo,Landerüî∏ü•Ä,7
385454866,rtyley,Roberto Tyley,7
14930686,ezyang,Edward Z. Yang,7
1215618614,samuelgruetter,Samuel Gruetter,7
141184524,fsznajderman,Fabrice Sznajderman‚öóÔ∏è,7
917388366567690240,Ryan_Signify,Ryan Adams,7
14468365,vejeta,Juan M√©ndez,7
9822792,dadepo,dade!,7
366017705,dead_flowers22,Roksolana,7
2462001804,ppiotrow,Przemek Piotrowski,6
112654363,tscholak,Torsten Scholak,6
479920148,tathadas,Tathagata Das,6
18559219,josecalderon,Jos√© Manuel Calder√≥n Trilla,6
763212522400849921,hyscala,HŒªScala,6
13648972,hysteresis,Dragos Manolescu,6
21750404,davidjamessmith,Dave Smith,6
45156415,vonjuliano,Juliano Alves,6
10704242,martinpallmann,Martin,6
258046134,walidchergui,Walid Chergui,6
2230584562,ScalaBcn,Scala Bcn,6
14184390,stuarthalloway,stuarthalloway,6
224379103,amplab,AMPLab,6
16569802,webyrd,William Byrd,6
296052854,vascorsd,Vasco Dias,6
12387972,arungupta,Arun Gupta,6
46174586,donnchadho,Donnchadh √ì Donnabh√°in,6
396830799,ChrisCundill,Chris Cundill,6
2804516445,sylviagrewe,Sylvia Grewe,6
2250388520,reactconf,React,6
804381,ClintCombs,Clint Combs,6
739221113130102784,claudiaii31,Claudia Ivan,6
814343470114631681,eta_lang,Eta,6
573048915,ScalaPuzzlers,Scala Puzzlers,6
2834573242,Gabriel_Asman,Gabriel Asman,6
752430234,shit_hn_says,Shit HN Says,6
2873650684,klauso3,Klaus Ostermann,6
14056827,rob_rix,Rob Rix‚Äé,6
17702341,raam86,raamroshhai,6
19068097,emeryberger,Emery Berger,6
171688128,rickityg,Richard Gibson,6
306095552,JorgeCastilloPr,Jorge Castillo ‚òÄÔ∏è,6
84027695,codepitbull,üññJochen Mader üá™üá∫,6
313003820,RichardWarburto,Richard Warburtonü•ì,6
274102857,hbctechteam,HBC Tech,6
214498073,filippovitale,Filippo,6
12526082,dnene,Dhananjay Nene,6
39383883,kamil_k,Kamil Kloch,6
15402047,yaaang,Yang Zhang,6
314556020,FFarquet,Fran√ßois Farquet,6
285428413,jessfraz,Jessie Frazelle,6
20620518,doppioslash,Claudia Doppioslash,6
7611992,importantshock,patrick thomson is an anagram of,6
14074371,sritchie,Sam Ritchie,6
3401152546,ECOOPconf,ECOOP'20 Berlin,6
245741368,smourapina,Silvia P.,6
28132796,pressron,Ron Pressler,6
878691393715286017,JM0x5C,Jose Cardona  üëåüê∂,6
15769932,russwyte,Russ White,6
564614420,michal_sitko,msitko,6
519262288,ApacheMesos,Apache Mesos,6
99363361,thebignet,Jean Detoeuf,6
791925,sourcedelica,Eric Pederson,6
14563909,josh_marcus,josh_marcus,6
267776844,Daenyth,Gavin Bisesi,6
745273,naval,Naval,6
15804774,gvanrossum,Guido van Rossum,6
893043364886695936,sphereIT_conf,sphere.it,6
15243597,natefoster,natefoster,6
9701422,dhinojosa,Daniel Hinojosa,6
7093762,ghostdogpr,Pierre Ricadat,6
20532109,yow_conf,YOW! Conferences,6
6442542,Ity,Ity Kaul,6
2888048323,carymrobbins,Cary Robbins,6
2409176790,peterjevison,Peter Evison,6
2359501010,1HaskellADay,1HaskellADay,6
7954512,bblfish,The‚Äâüêü‚Äç‚Äç‚ÄâBabelFish,6
245833480,polishjug,Polish JUG,6
8285392,raffi,u…ê·¥â…πo û·¥â…π û ·¥â…ü…ü…ê…πüë®üèº‚ÄçüöÄ,6
1676886469,finagle,Finagle,6
1162081,xmal,Carlos Baquero,6
923975767658287104,typeclasses,Type Classes,6
434435440,Andre_van_Delft,Andre_van_Delft,6
49755613,lukaseder,Lukas Eder,6
377753634,eed3si9n_ja,‚àÉugene ü•ôyokot‚àÄ,6
136580855,altamborrino,Alexandre Tamborrino,6
10809412,rakyll,Jaana Dogan üå≥,6
155890917,alexandermikuta,üë®üèª‚Äçüíª|üá¶|üá±|üá™|üáΩ|üë®üèª‚Äçüíª,6
54654305,PuchtaOla,Aleksandra Puchta,6
1478433775,iam_preethi,Preethi Kasireddy,6
61720617,erikrozendaal,Erik Rozendaal,6
42378722,tvdstorm,Tijs van der Storm,6
573601597,TudorPalanga,Tudor Palanga,6
17989895,dorchard,Dominic Orchard,6
14804579,_sagesharp_,Sage Sharp,6
2716645106,typetheorypcast,Type Theory Podcast,6
855420559093530625,CarlaAtGG,üè≥Ô∏è‚ÄçüåàCarlaüáØüáµGaggini üá™üá∫,6
4939401,patrickc,Patrick Collison,6
253251292,bk1_168,Karl Brodowsky,6
342017837,jordi_aranda,Jordi Arandaüéó,6
1178563748,LambdaKRK,Lambda Lounge Krak√≥w,6
241886840,regbla,R√©gis Blanc,6
30036640,netzwerg999,Rahel L√ºthy,6
989316882422353921,dmofengineering,DM of Engineering,6
2595993017,lukasgasior,≈Åukasz GƒÖsior,6
20988069,ornicar,Thibault D,6
2600538973,ScalaAcademy,Scala Academy,6
4270649729,ScalaWilliam,William Narmontas,6
105849376,PawelWlodarski,Pawe≈Ç W≈Çodarski,6
169812985,aemoncannon,Aemon Cannon,6
869145636,frankmcsherry,Frank McSherry,6
544632706,scalastyle,Scalastyle,6
6604192,thewetterwald,Julien Wetterwald,6
844930741221953536,jjcarett2,Jacques Carette,6
14205539,bjartek,Bjarte Karlsen,6
16157829,alexiswellwood,alexis,6
27676115,zeeshanlakhani,blahblahblah,6
540301475,iwan0www,Vladimir Ivanov,6
60887307,christopherdone,Chris Done,6
1305940272,SlackHQ,Slack,6
239987002,palvaro,"What a long, strange professorship it‚Äôs been",6
93711098,salc2,SŒªlc2 ‚òïüïπÔ∏èüáªüá™,6
173630577,bcantrill,Bryan Cantrill,6
3131652280,_lucidd_,Kevin Walter,6
746242438365315073,ScalaSerbia,ScalaSerbia,6
17865222,OlegYch,OlegYch,6
773864826,lorenzoglorenzo,Lorenzo Gabriele,6
30380078,scottclasen,Scott Clasen,6
806789651251924992,sciabarracom,Michele Sciabarra,6
584270753,jshrsn,Josh Rosen,6
13895242,adrianco,adrian cockcroft,6
35726118,mxswd,Maxwell,6
2209970148,fngeekery,Functional Geekery,6
53544002,jkachmar,Joe Kachmar üè≥Ô∏è‚Äçüåà,6
823083,migueldeicaza,Miguel de Icaza,6
111566920,biancatesila,Bianca Tesila,6
24914741,ManningBooks,Manning Publications,6
912724929354846208,BooProgrammer,Boo (Programmer),6
17611051,jhaberstro,Jedd Haberstro,6
96512759,ittayd,Ittay Dror,6
247959539,cyberglot,‚±Øpril ü¶ù cyberglot,6
17093617,hootsuite,Hootsuite,6
175282603,jeremyphoward,Jeremy Howard,6
4519121,Oatmeal,Matthew Inman,6
18080585,MongoDB,MongoDB,6
18846312,anler,Anler,6
147439903,tianhao_au,Tianhao,6
519777806,oxbsharp,Mark Tomko,6
327071779,matthiasnehlsen,Matthias Nehlsen,6
975149287142297600,schooloffp,School of FP,6
23009949,thoughtworks,ThoughtWorks,6
15734947,franklinchen,Franklin Chen,6
67639098,notYanka,Myrtha,6
109958517,AlgebraFact,Algebra Etc.,6
1702148166,NSilnitsky,Natan Silnitsky,6
1956452647,dejan_mijic,Dejan Mijic,6
835420184,AGoCorona,Alberto G. Corona,6
407996604,bbscala,Scala Berlin BB,6
39216185,jaspervdj,Jasper Van der Jeugt,6
18096999,marc0der,Marco Vermeulen,6
105555290,DgtlNmd,Jarrod Urban,6
58560500,JustinPihony,Justin Pihony,6
2655613717,ScalaDownunder,Scala Downunder,6
256504608,tovbinm,Matthew Tovbin,6
17844976,jrudnick,jack rudnick,6
636003,samaaron,Sam Aaron üá™üá∫,6
211903440,jimplush,Jim Plush,6
1686323288,TimSweeneyEpic,Tim Sweeney,6
6087842,ebruchez,Erik Bruchez,6
35338657,cfregly,Chris Fregly,6
373828903,hochgi,Gilad Hoch,6
2397646538,mielientiev,Ihor Mielientiev,6
82266082,virus_dave,Dave Nicponski ‚úçÔ∏è,6
954365488997552128,Scalainthecity,Scalainthecity,6
771583225466531840,johncarlosbaez,John Carlos Baez,6
4027691,kmizu,Kota Mizushima (on a diet),6
4241525666,philip368320,Phil,6
85314449,wachal_maria,Maria Wachal,6
1226190540,mattoflambda,Matt Parsons üè≥Ô∏è‚Äçüåà,6
1121699080835563520,TheFpTower,fp-tower,6
17423396,fmpwizard,Diego Medina,6
311126507,Winium,Win Wang,6
14066472,pacoid,paco nathan,6
15592821,FrancescoC,Francesco Cesarini,6
19725644,neiltyson,Neil deGrasse Tyson,6
1040677547091128325,TomTriple,TomTriple,6
17057827,podsnap,Peter Fraenkel,6
16250884,wadearnold,wadearnold,6
206283253,pathikrit_wrick,Pathikrit Bhowmick,6
897861037,SimoneGiertz,Simone Giertz,6
851768774,ahejlsberg,Anders Hejlsberg,6
3159722871,hplociniczak,Hubert P,6
809766343469830144,ReactSphere,ReactSphere,6
359711363,anicolaspp,Nicolas A Perez,6
2539089865,scalajobsorg,ScalaJobs,6
1361017273,jusrin00,Justin Woo,6
23868962,relrod6,Rick Elrod,6
946958052,mpeytonjones,Michael Peyton Jones,6
30808336,ben_hutchison,Ben Hutchison,6
3167284683,LodzScala,Scala in Lodz PL,6
14375294,bitfield,John Arundel,6
50157479,cristalopes,Crista Lopes,6
765470358464069632,mdedetrich,Matthew de Detrich,6
1016277612,DavidGregory084,David Gregory,6
204585293,jpfuentes2,Jacques Fuentes,6
112190467,_mishy,Hamish Dickson,6
18222424,Augustsson,Lennart Augustsson,6
2430951266,guidosalva,Guido Salvaneschi,6
63578554,Devoxx,Devoxx,6
78706516,liosedhel,Krzysztof Borowski,6
809685,garybernhardt,Gary Bernhardt,6
60025947,dependent_types,Dependent Types,6
10073632,robilad,Dalibor Topiƒá,6
375829072,JonasAnso,Jon√°s Ans√≥,6
17036269,TimothyKlim,Timothy Klim,6
439946692,Knolspeak,Knoldus Inc.,6
91333167,climagic,Command Line Magic,6
2382286849,MartinVetterli,Martin Vetterli,6
533539874,__apf__,Adrienne Porter Felt,6
2372173357,buildoHQ,buildo,6
9479872,asz,Attila Szegedi,6
379999153,juanshac,Juan Manuel Serrano,6
1466485674,JurajBurian,Juraj Burian,6
48008938,ylecun,Yann LeCun,6
17047623,AnaOliv,AnaOliv,6
269030439,a4dev,Arnold deVos,5
539296619,BigDataBorat,Big Data Borat,5
266128061,mihaisoloi,Mihai Soloi,5
9346302,casualjim,Ivan Porto Carrero,5
15253257,boothead,Ben Ford,5
19278320,mricog,Marco Rico,5
44449567,danigallingani,Daniele Gallingani,5
16061930,hackingdata,Jeff Hammerbacher,5
780753068920938501,stucki_nicolas,Nicolas Stucki,5
2209701566,rjghik,Roman Janusz,5
296732995,Paul_Bleicher,Paul Bleicher,5
20864590,dsebban,Daniel Sebban,5
424414073,ArturGajowy,Artur Gajowy,5
15626406,michael_nielsen,michael_nielsen,5
1454280841,greheine,Gregor Heine,5
3601726756,tweagio,Tweag I/O,5
16154236,ssanj,sanjiv sahayam,5
216043045,HaskellOrg,Haskell,5
831404628,safareli,IrakŒªi Safareli,5
9497732,peter_pilgrim,peter_pilgrim,5
759969211,tomzalt,Tom√°s L√°zaro,5
36383929,spyced,Jonathan Ellis,5
1138959692,Docker,Docker,5
135487373,Ebiznext,EBIZNEXT,5
3019974062,portal_narlish,portal,5
18505708,krisajenkins,Kris Jenkins,5
3178144918,MalagaScala,M√°laga Scala Devs,5
383927117,avslesarenko,Alexander Slesarenko,5
187743747,utaal,Andrea Lattuada,5
793795,mycoliza,fixed-point arithmetic liker,5
1559257586,amsagaama,Amine Sagaama,5
20956791,sjfloat,Steve Jones,5
34363319,agaro1121,Anthony Garo,5
42229232,zeunknown,Hmila Amine,5
30027532,adamrabung,Adam Rabung,5
130745589,drfeifei,Fei-Fei Li,5
8143682,jure,Jure Leskovec,5
20982019,jin_,Jin,5
529417205,_sksamuel,sksamuel,5
809273,Oracle,Oracle,5
132482086,kierat_s,Sergiusz Kierat üáµüá±,5
137091075,jaaptw,Jaap ter Woerds,5
106564067,rrnewton,Ryan Newton,5
3020661431,YSmaragdakis,Yannis Smaragdakis,5
51099212,ruifmorais,Rui  Morais,5
71693587,a_cowley,Anthony Cowley,5
755820410,avushakov,Alexander Ushakov,5
1730326315,gingerkirsch,Sasha Sankova @ AnitaB.org London,5
184580097,_kasonchan,Kason Chan,5
100711909,PatrickMcFadin,Patrick McFadin,5
2850397899,SpotifyEng,Spotify Engineering,5
7601752,eishay,Eishay Smith,5
88757903,asznajder,Adam Sznajder,5
21362729,tornorbye,Tor Norbye,5
331254017,4lex1v,Aleksandr Ivanov,5
2990293876,kc_srk,KC Sivaramakrishnan,5
629478107,pierre_dalpra,Pierre Dal-Pra,5
14658601,thattommyhall,excitable.af,5
2529971,cdixon,Chris Dixon,5
459963400,courieti,yes man,5
61686345,aryairani,Arya Irani,5
62867783,andrei_me,Andrei M. Eichler,5
2481700622,czaszo,Maciej Opa≈Ça,5
30341424,kipsigman,Kip Sigman,5
136032919,pepegar_,Pepe Garc√≠a,5
295218901,VitalikButerin,vitalik.eth,5
18380428,justinesherry,billions of packets,5
765548,hmason,Hilary Mason,5
14166131,s_scarduzio,Simone Scarduzio üá¨üáß,5
819963446112518145,NonkelAchiel,Martijn Hoekstra,5
1141063759152074752,_ethan_atkins,ethan_atkins,5
3167734591,code,Visual Studio Code,5
1072027086,RxJava,RxJava,5
1536791610,POTUS44,President Obama,5
44903576,polidea,Polidea,5
382267114,Android,Android,5
92947349,carlosmquiroz,Carlos Quiroz,5
13244412,andrey_cheptsov,Andrey Cheptsov,5
2493948216,ApacheFlink,Apache Flink,5
3963872120,pop_cmu,POP at CMU,5
41881063,Matsluni,Matthias L√ºneberg,5
126601155,TomaszDziurko,Tomasz Dziurko,5
7665302,olabini,Ola Bini,5
952553743,ChrisGSeaton,Chris Seaton,5
16616201,sclv,sclv,5
165359455,francistoth,Francis Toth,5
161225991,BFil85,Bruno Filippone,5
2342590440,bangbangcon,!!Con,5
15346443,pallay,pallay,5
267975913,reddit_scala,reddit_scala,5
515355841,slandelle,Stephane Landelle,5
947150325424803840,corecursive,CoRecursive Podcast,5
1184647243,PicardTips,Picard Tips,5
116585926,_jrwest,Jordan West,5
2413997304,sean_r_owen,Sean Owen,5
1113537714,joshlemer,josh lemer,5
592175012,njlbenn,Neil Benn,5
17788765,reddit_haskell,reddit_haskell,5
79008596,errcraft,James Gosling,5
3352989892,tomahna,K√©vin Rauscher,5
2287152228,marcin_kubala,Marcin Kubala,5
15935285,nejsum,Jeppe Nejsum Madsen,5
604252261,heidiann360,Heidi Howard,5
418226569,mateuszbilski,Mateusz Bilski,5
28906201,jacobstanley,Jacob Stanley,5
5943622,pmarca,Marc Andreessen,5
31206658,mariogleichmann,Mario Gleichmann,5
510176899,grashalm_,Christian Humer,5
471084316,jak_sky,Jakub Stransky ‚õÖ,5
1021465489539837952,dnlklg,Daniel Klug,5
17773446,pgbovine,Philip Guo,5
132051240,DataStax,DataStax,5
29426398,edmondo1984,Edmondo Porcu,5
2396783372,WarsawIO,Warsaw IO,5
1666038950,BoredElonMusk,Bored Elon Musk,5
134762044,kubem,jakub marchwicki,5
21673591,shamblepop,Martin McNulty,5
1140180390,singh_harmeet13,Harmeet Singh,5
11672822,nadavwr,Nadav Wiener,5
311588290,sigplan,ACM SIGPLAN,5
833748046924087298,lena_lebt,Lena,5
15797140,hhariri,Hadi Hariri,5
733560298045464576,LaffezAntoine,Antoine Laffez,5
57613118,tpflug,Tobi,5
925710752522145793,statebox,Statebox,5
14262063,crichardson,Chris Richardson,5
6897142,bos31337,Bryan O'Sullivan,5
115763683,TheOfficialACM,Association for Computing Machinery,5
24557043,mlangc,Matthias Langer,5
1006419421244678144,GretaThunberg,Greta Thunberg,5
759063904421109760,Tobias_Grosser,Tobias Grosser,5
66780587,awscloud,Amazon Web Services,5
1019344784681467907,NYCscala,NYCScala,5
17530305,javaposse,The Java Posse,5
16778498,regiskuckaertz,R√©gis Kuckaertz,5
18683074,rodolfodpk,Rodolfo,5
14079653,Mr_Solo,Nando Sola,5
162471571,em2001m,Emma Milner,5
1260285876,cufpconference,CUFP,5
131558161,ntcoding,Nick,5
5325152,stilkov,Stefan Tilkov,5
10042892,freebroccolo,freebroccolo,5
494504146,aryankids,Amir Aryanpour,5
6896502,pjan,pjan vandaeŒªe,5
312630783,cedricbastin,C√©dric üá™üá∫,5
20590206,otobrglez,Oto Brglez üï¥,5
855403110411509761,LunatechFR,Lunatech France,5
208212889,brendangregg,Brendan Gregg,5
204457677,taylorfausak,Taylor Fausak,5
2432092008,TorunJUG,Toru≈Ñ JUG,5
1284491138,awelonblue,David Barbour,5
18528530,marekgoldmann,Marek Goldmann,5
44351876,gigi_igig,Luigi Antonini,5
18276893,leastfixedpoint,Tony Garnock-Jones,5
17920489,johtib,Johan Tibell,5
180163685,gridgain,GridGain Systems,5
14250470,dkarlinsky,Dmitry Karlinsky,5
1007410460,rabinowitznetan,netanel rabinowitz,5
13235832,natfriedman,Nat Friedman,5
2217099931,ThingsWork,How Things Work,5
2179317021,chrisuhl,Chris,5
19919303,khstandrews,Kevin Hammond,5
401270439,omarieclaire,Marie Claire LeBlanc Flanagan,5
281139284,rtfpessoa,Rodrigo Fernandes,5
254107028,TensorFlow,TensorFlow,5
430995737,GirlsWhoCode,Girls Who Code,5
767302291271643136,ergysdona,Ergys Dona,5
25118088,OriginateLabs,Originate,5
14130482,cestpasdur,Damien Gouyette üìå,5
150582901,reactormonk,Simon Hafner,5
953624036,MosRobinson,Amos Robinson,5
207773069,googlenexus,Nexus,5
752673,jeresig,John Resig,5
364681545,AndreasKoestler,Andreas Koestler,5
17679666,michelemauro,michelemauro üáÆüáπüá™üá∫,5
397625244,senderPath,David Ungar,5
15379361,johnmyleswhite,John Myles White,5
363210621,UnixToolTip,Unix tool tip,5
141737249,loicknuchel,Lo√Øc Knuchel,5
401347504,jtjeferreira,Jo√£o Ferreira,5
326511843,nayafia,Nadia,5
16977993,shimib,shimib,5
8334322,leithaus,leithaus,5
10091232,Javi__Pacheco,Javi Pacheco üíô,5
52485217,LukaszByczynski,Lukasz Byczynski,5
128818109,vitalygordon,Vitaly Gordon,5
284747059,JPaniego,Javier Santos Paniego,5
1191207924,fulhack,Erik Bernhardsson,5
16017475,NateSilver538,Nate Silver,5
2770675580,ReactDay,ReactDay,5
299884228,RanjitJhala,Ranjit Jhala,5
380314281,meilalina,Alina Dolgikh,5
531320016,scalatron,Scalatron,5
167169119,strataconf,O'Reilly Strata Data & AI Conference,5
20771774,etaty,Val√©rian,5
747009388104265728,programmingconf,‚ÄπProgramming‚Ä∫ 2020,5
14317497,justinsheehy,Justin Sheehy,5
16589206,wikileaks,WikiLeaks,5
272568064,blake249,Blake Boesinger,5
2838996743,composeconf,Compose Conference,5
423065127,Love2Code,Maxime Chevalier-Boisvert,5
2758312930,m4nl5r,Martin Lechner,5
2316177793,MuseumOfTypes,Museum of Types,5
20802091,AdamBien,Adam Bien,5
181276315,phadej,Oleg Grenrus,5
133245154,a_zanin,Alessandro Zanin,5
4815589113,drwjharvey,William Harvey,5
947248417,sam_de_backer,Sam De Backer,5
14957181,BinaryJunkie,Louis #FBPE üá™üá∫üá¨üáß‚ùÑ,5
594666501,bgreene,Brian Greene,5
2969662726,FabGutierr,FG üá™üá∫,5
133828271,nicolabonelli,Nicola Bonelli,5
148465548,rg9119,Ron Garcia,5
11886112,fedesilva,ihghulfr,5
3110601453,bazelbuild,bazelbuild,5
2860978421,chamberconf,chamberconf,5
908662524014465024,CUP_JFP,jfp,5
14738204,cbeust,Cedric Beust,5
12845892,Bilki,Roberto Serrano,5
207514596,hasumedic,Alex Salguero,5
907281,mstk,Justin Le,5
14561327,dhh,DHH,5
120081421,vpadure,Valentin Padurean,5
2547488709,jnabrdalik,Jakub Nabrdalik,5
19371462,nick_r_cameron,nrc,5
3835982189,ScalanatorIO,scalanator.io,5
55873212,maxpumperla,Max Pumperla,5
904610959,MGrzejszczak,Marcin Grzejszczak,5
110263990,adrno,Adrian Nowak,5
15813140,GCPcloud,Google Cloud Platform,5
4538045747,realDonaldKnuth,Donald Ervin Knuth,5
72476848,OnSoftware,Vladimir Bacvanski,5
249584307,gruggie,Giovanni Ruggiero,5
133238209,racketlang,Racket,5
1530096708,jesslynnrose,Jessica Rose,5
9213742,robey,ÔæõÔΩ∞ÔæãÔæû,5
243227030,Jose_A_Alonso,Jos√© A. Alonso,5
21015156,sbelak,Simon Belak,5
24601650,curious_reader,AndreasS,5
68746721,fchollet,Fran√ßois Chollet,5
1489668666,ScalaSyd,ScalaSyd,5
18760914,jgordijn,jgordijn,5
10834752,random_walker,Arvind Narayanan,5
2347190221,renghenKornel,renghen,5
18137723,raganwald,Reginald Braithwaite,5
724952196186537987,bydlines,Beyond the lines,5
863065096897036289,aMateoPaolo,Antonio Mateo,5
738700495171289088,haskell_cat,gelisam,5
978746031675408384,syntaxSugarLdn,Syntactic Sugar,5
301074647,Tapad,Tapad,5
4047172396,luismsreis,Luis Reis,5
153196789,ch402,Chris Olah,5
404740284,magdastozek,Magda Sto≈ºek,5
53010195,mraleph,Vyacheslav Egorov,5
54428352,anrizal,Anwar Rizal,5
3001555517,SoftwareSultan,Software Sultan,5
42321507,AzulSystems,Azul Systems,5
2304094911,IdrisTips,Idris Tips,5
927705679,DevoxxUK,DevoxxUK,5
4783690002,DeepMind,DeepMind,5
14431774,piotrga,piotrga,5
245821992,theburningmonk,Yan Cui,5
14285438,jfischoff,Jonathan Fischoff,5
22291414,expede,Brooklyn Zelenka üè≥Ô∏è‚Äçüåà,5
519859604,gorski_mt,Ma√üe‚Üìsz G√≥rski,5
2415902426,ClojureFriends,Clojure Friends,5
916413744,pawelmikler,Pawel Mikler,5
252481460,travisci,Travis CI,5
196198008,raboofje,Arnout Engelen,5
248563108,sassela,abby,5
983700637,hdgarrood,hdgarrood üè≥Ô∏è‚Äçüåà,5
2298486637,HaskellTips,Haskell Tips,5
917255347844165632,poplconf,POPL,5
821134791034765312,reactive_p,reactive_P,5
739626641450635265,pasiphae_goals,Loch Nessa Monsterüå∏,5
18613984,fhueske,Fabian Hueske,5
84054770,shaiyallin,Shai Yallin,5
1446013284,LAFK_pl,Tomek Borek,5
837152281237798913,owczarek_kamil,Kamil Owczarek,5
3001601819,polikarn,Nadia Polikarpova,5
7356942,bdarfler,Ben Darfler,5
602317143,SirPatStew,Patrick Stewart,5
168713,nbartlett,Neil Bartlett üá¨üáßüá™üá∫,5
