connection,username,name,seed_users_you_follow
833729730427940865,ScalaUA_Conf,ScalaUA Conference,107
170718652,propensive,Jon Pretty,104
1159671,amarapatel,Amar Patel,103
182841512,scalajos,jose romero,103
783339470632484866,Signify_Tech,Signify Technology,100
1372082066,ScalaItaly,ScalaItaly,98
258032124,ChiefScientist,Alexy Khrabrov and 2020 others,97
372355192,JElyphas,JCesar,96
75010581,rickydjit,Riccardo Merolla,96
717975829,Ismail_CHAIDA,Ismail Chaida üë®üèª‚Äçüíª‚úàÔ∏è,95
3370311915,_codejitsu,Alex,95
1190275838,LivanFrometa,Liv√°n Fr√≥meta,94
1399690844,ycaille_,Yannick Caill√©,94
433898790,stewSqrd,Stewart ¬∑ Stewart,93
116947538,guysujeto,James,92
547099859,_DanLawson,D.Lawson Signify,91
988157604,scalanjava,Scalanjava,91
828985266488668160,ScalaQuest,ScalaQuest,90
14384644,mckeeh3,Hugh McKee,90
93016827,guizmaii,Jules Ivanic,88
4241525666,philip368320,Phil,87
812343753080000513,valydia4,valydia,87
789753234961362944,scala_lisbon,Scala Lisbon,87
2900685628,cal_fern,Calvin L F,86
41895002,SalarRahmanian,Salar Rahmanian,86
108973855,cakesolutions,Cake Solutions Ltd,85
184580097,_kasonchan,Kason Chan,85
34363319,agaro1121,Anthony Garo,85
597185468,TnpXu,tnpxu,85
226204003,ShaneDelmore,Shane Delmore,84
368224924,abdhesh_rkg,ABDHESH KUMAR,84
475568156,khajavi,Milad Khajavi,83
14117921,andrewlague,Andrew Lague üè≥Ô∏è‚Äçüåà,83
101240214,mpapasofokli,Marios PapasofokŒªi,83
17154727,FilippoDeLuca,Filippo De Luca,83
579664556,liuyongzhi0218,ThomasLau,83
145845450,Abhishek_Krish,Abhishek,83
733043,forthy,Richard Chuo,83
39829024,nickelsberry,Nick Elsberry,82
2473138729,ScaleByTheBay,Scale by the Bay,81
1466485674,JurajBurian,Juraj Burian,81
2821201293,Krever01,Wojtek Pitu≈Ça,81
146441370,c05m1x,Gorazd Kozmus,81
18556464,erguven,ùôµùöäùöùùöíùöë ùô¥ùöõùöêùöûùöéùöüùöéùöó,80
368982167,pierangelocecc,‚Ñôierangelo ‚ÑÇecchetto,80
2827293795,zichi_hts,Christian Zichichi,80
1007410460,rabinowitznetan,netanel rabinowitz,80
2103471,andreaskapp,Andreas Kapp,80
755262529,sioncheng,Á®ãÂãáÊ°•,80
403850859,omaro_mendoza,omaro,80
18944723,raulraja,Ra√∫Œª Raj‚ìê,79
3131652280,_lucidd_,Kevin Walter,79
120081421,vpadure,Valentin Padurean,79
52196661,lucapertile,Luca Pertile,79
87253830,jkonermann,Jeroen Konermann,79
794489009397440512,MaxPeroch,Max Peroch,79
2157091,hepin1989,kerr,79
171688128,rickityg,Richard Gibson,79
14245496,oeiuwq,10‚Å∂‚Åπ bits per square meter,78
54490597,ktosopl,Konrad ‚Äòktoso‚Äô Malawski,78
1946871116,scalarconf,Scalar Conference,78
373828903,hochgi,Gilad Hoch,78
23021955,Gentmen,Kevin Meredith,78
17036269,TimothyKlim,Timothy Klim,78
16257582,csaltos,Carlos Saltos,78
14183440,sirinath,Suminda Dharmasena,77
2911461333,DanielaSfregola,Daniela Sfregola,77
1872427387,bharat9848,Fake plastic tree,77
398456924,khatri_chetan,Chetan Khatri üáÆüá≥,77
636944846,jacek_beny,Jacek Modrakowski,76
14786249,berntan,Bernt Andreas Lang√∏ien,76
130121066,getmetorajesh,rajesh,76
1961174526,dawrutowicz,Dawid Rutowicz,76
17779075,channingwalton,ùóñùóµùóÆùóªùóªùó∂ùóªùó¥,76
178018894,Blaisorblade,Paolo G. Giarrusso,76
42058463,plumenator,Karthik Ravikanti,76
2458121491,harrylaou,Harry ŒªaouŒªakos,76
90646276,ajtkulov,Pavel Ajtkulov,75
227438195,HairyFotr,HairyFotr,75
18432029,tinyrobots,tinyrobots,74
113073137,D_Roch,Roch Delsalle,74
1491081,hmemcpy,Igal Tabachnik,74
2855222812,david_dikker,ddikker,74
15273997,dandxy1,Dan,74
65607306,gaspy05,AyoDele,73
62765450,mhragab,Mohamed Ragab,73
4188271,naonaoyh,Ë¢ÅÂÆè,73
2236509156,marmak6,marmak,73
970790441024094208,bmbferreira,Bruno Ferreira,73
16025090,nicmartnic,‚àû Nicol√≤ Martini,73
17049687,schrepfler,schrepfler,73
265006521,iravid_,Itamar Ravid,73
255718856,andrew_spaceage,Andrew Gonzales,73
24663814,oddan,Odd M√∂ller,73
2603302033,skvithalani,Saloni Vithalani,72
21826302,rnella01,Raghava Nellaturu,72
18294689,ahjohannessen,ahjohannessen,72
978659871167057920,elishac_sig,Elisha Camilleri,72
185309575,logistark,Jose Antonio Jimenez,72
39043152,eleansa,Eleanna Skouta,72
166672305,quant_leap,Fernando Racca,72
4151014333,osocron,Noe Alejandro Perez,72
2999586202,milanoscala,Milano Scala Group,72
2952598013,christobill_,Christophe Billiard,72
799616,_JamesWard,James Ward,72
1013534684729495559,katzenstrophe,ŒªoŒªcat,72
3293063837,AlicePermutive,Alice Lloyd,72
2347190221,renghenKornel,renghen,71
20483,dclinton,Doug Clinton,71
392789686,aplokhotnyuk,Andriy Plokhotnyuk,71
14316151,m_hughes,m_hughes,71
73704272,josemanuelp0,Jos√© Manuel Pe√±a,71
65175504,nachinius,Nachinius,71
14052358,gclaramunt,Gabriel Claramunt,71
89451259,tomlous,Tom Lous,70
33549968,MariaLiviaCh,Maria Livia C.,70
112654363,tscholak,Torsten Scholak,69
12791752,printf,Adam Singer,69
446964140,lprakashv,Lalit Vatsal,69
764012354631675905,BeeScalaConf,BeeScala Conference,69
876122666205425664,Scalastuffff,Scala Stuff,69
408026170,albertredneck,albertredneck,69
1683657086,YongqiaoCheng,sioncheng,69
136032919,pepegar_,Pepe Garc√≠a,69
62766849,azolotko,Alex Zolotko,69
15801166,arron_green,Arron Green,69
239956356,ghazy17,bghazy,69
233872539,mapastr,Mario Pastorelli,69
2594814704,ebenwert,Justin Kaeser üßºüëèüí¶,69
127080327,Zagal_ermitanyo,Zagal Sempai,69
186337378,guersam,Jisoo Park,69
338024535,bibixdev,Bartosz Bierkowski,69
793799617,flaviowbrasil,Flavio Brasil,68
14563909,josh_marcus,josh_marcus,68
17844976,jrudnick,jack rudnick,68
998908867,AshleyEMercer,Ashley Mercer,68
3152447094,rahulmutt,Rahul Muttineni,68
1140557824730308608,SophieSignify,Sophie Settrey,68
137091075,jaaptw,Jaap ter Woerds,68
11886112,fedesilva,ihghulfr,68
112149106,_pritam_kadam_,Pritam Kadam,68
614873,analytically,Mathias Bogaert,67
400578723,fjsosah,Francisco Sosa,67
223393847,iamtechaddict,Sandeep Singh,67
377274350,pedrorijo91,Pedro Rijo,67
16905598,eamelink,Erik Bakker,67
76679905,pauldhoward,Paul Howard,67
20864590,dsebban,Daniel Sebban,67
556239136,ppremont,Patrick Pr√©mont,67
1183670233887838208,what_next_bro,Nagarjuna Pamu (Naga),67
1385991643,__syan__,((bej-syan)),67
806630282795319300,ScalaSwarmConf,Scala Swarm 2020,67
1457392741,RamGabay1,Ram Gabay,67
155890917,alexandermikuta,üë®üèª‚Äçüíª|üá¶|üá±|üá™|üáΩ|üë®üèª‚Äçüíª,67
1481011038,paddy_mahoney,Patrick Mahoney,67
45014365,panggi,Panggi Libersa Jasri Akadol,67
913422187784282113,Charlie_Signify,@CharlieSignify,66
274659254,viktorlund,Viktor Lund,66
544838471,afsalt2,Afsal Thaj,66
915175196381859840,Jack_Signify,Jack Clement,66
1266171368,sethinavi,Navdeep Singh,66
18731548,dispalt,Dan Di Spaltro,66
14130951,kings13y,kings13y,66
2171288355,balyszyn,Alexader Balyshyn,66
114315301,andyczerwonka,Andy Czerwonka üá®üá¶,66
9587042,dimetron,Ô£ø Dmytro Rashko,66
1559257586,amsagaama,Amine Sagaama,66
29532976,justinhj,justinhj,65
422594300,redarqas,Jamal CHAQOURI,65
3410833751,lukasz_bialy,≈Åukasz Bia≈Çy,65
34722763,imjsilva,Joao Da Silva,65
157671522,muuki88,Muki Seiler,65
14188643,zhoulonghuan,zhoulonghuan,65
311449627,Oli_kitty,Oli,65
226927625,deskefa,Jo√£o Os√≥rio,65
54919596,noiano,Marco Didonna,64
306846408,dan0id,Vim,64
38790270,onebobgleason,Bob Gleason,64
379239040,oscarvarto,Oscar Vargas Torres,64
610214048,MarekKadek,Marek Kadek,64
113825988,RHDZMOTA,Radrigo,64
414709805,LedesmaNando,Fernando Ledesma üá™üá®,64
111600705,janschultecom,Jan Schulte,64
56978853,abhishes,Abhishek Srivastava,64
1123350050,LanderLo,Landerüî∏ü•Ä,64
195712486,purijatin7,Jatin Puri,64
120216503,jrgonzalezg,Juan Ram√≥n Gonz√°lez,64
1391075048,foo30303,El-Hassan Wanas,64
3425836427,scalaworldconf,Scala World,63
19387980,loic_d,Lo√Øc Descotte,63
332106377,pchalcol,pchalcol,63
401347504,jtjeferreira,Jo√£o Ferreira,63
11905382,notxcain,–ö–æ–Ω–≥—Ä—É—ç–Ω—Ç–Ω–æ—Å—Ç—å –∏ –∞–∫—Ç—É–∞–ª–∏–∑–∞—Ü–∏—è,63
755820410,avushakov,Alexander Ushakov,63
72809784,shutaranga,n/a,63
2375844330,scaladays,Scala Days,63
82293310,softwaremill,softwaremill,63
885658814166511616,cardonamronald,Ronald Cardona,63
1140180390,singh_harmeet13,Harmeet Singh,62
22902780,lutzhuehnken,Lutz H√ºhnken,62
1063917887188922370,scala_love,Scala.Love,62
1435349642,MarekDudek23,Marek Dudek,62
39383883,kamil_k,Kamil Kloch,62
187121027,ya7_,Shun Yanaura,62
41401170,carlosrogue,Carlos Rodri. Guette,62
19730375,ngbinh,Binh Nguyen,62
2301597031,scalac_io,scalac.io,62
2902082159,leifbattermann,Leif Battermann,62
14461202,cbirchall,Chris Birchall,62
2557309010,alxarchambault,Alex Archambault,62
224107496,OE_uia,Taisuke OE,61
20487336,marektomas,Marek Tom√°≈°,61
1134497391745425410,hermannhueck,Hermann Hueck,61
307811422,ValentinKasas,üôè override lazy val ‚ù§Ô∏è,61
133245154,a_zanin,Alessandro Zanin,61
186461960,andrius_vers,Andrius Versockas,61
38908977,AlejandroM_E,Alejandro Echeverri,61
162283,eed3si9n,‚àÉugeneü•ôyokot‚àÄ,61
221968978,igallegosagas,Ignacio Gallego Sagastume,61
174629489,ghazi_naceur,Ghazi Naceur,61
214060916,ravitejarockon,Ravi Teja Sikhakolli,61
3406124061,NicFlores6,Nic Flores,61
272515367,MasseGuillaume,Guillaume Mass√©,61
18307800,stonegao,Stone Gao,61
379159037,Bamatraf2,Hussam Bamatraf,61
1146915437353013256,BlackNirvana6,Black Nirvana,61
18310417,jarrieta,Javier Arrieta,61
194632172,YuvalItzchakov,Yuval Itzchakov,61
93224926,ochrons,Otto Chrons,61
871490799128772611,ASamsig,Alexander Samsig,60
2995477984,dscspark,dscspark,60
126825525,avsudheer,Venkat Sudheer Reddy,60
32856565,corsibu,enache lucian,60
47886702,sinisa_lyh,Neville Li,60
21260810,triggerNZ,Tin Pavlinic,60
3300680087,hanshnsen,Hans Hansen,60
64388853,khaledisamm,khaled isamm,60
18424683,robertvanrijn,R. van Rijn,60
750318839464853504,scalawavepl,Scala Wave,60
95990675,ajkaanbal,Ricardo M. Vilchis,60
11672822,nadavwr,Nadav Wiener,60
11649392,taroleo,Taro L. Saito,60
52684835,ryanlecompte,Ryan LeCompte,60
9701422,dhinojosa,Daniel Hinojosa,60
361122703,VirtusLab,VirtusLab,60
1238971100,overopshq,OverOps,60
112399689,rresino,Ruben,60
100601376,ZakPatterson,Zak Patterson,60
251591720,londonscala,London Scala User Group,60
39473057,bjoernmadsen,Bj√∏rn Madsen,59
364681545,AndreasKoestler,Andreas Koestler,59
13872112,benve,Giacomo Benvenuti,59
16587559,khrabrov,@chiefscientist,59
5961382,rit,brendan. allegedly. ü¶¶,59
80530885,chbatey,Christopher Batey,59
24999933,MichaelPNash,Michael Nash,59
18346660,James_Fielder,James Fielder,59
746750343803961344,sumislawski,Rafa≈Ç Sumis≈Çawski,59
5970492,andy1138,ìÑøìàñìÇßìáå,59
129335062,LarryASimon,Larry Simon,59
89234904,dGeyerC,Daphnee Geyer,59
474974342,alexprokopec,Aleksandar Prokopec,59
22806217,_bkern,Barry,59
2841985296,RickyAudet,Rick Audet,58
34989010,ndasriaux,Nicolas Dasriaux,58
12798232,dragisak,Dragisa Krsmanovic,58
277381461,marcinmatuszak,Marcin Matuszak,58
16154236,ssanj,sanjiv sahayam,58
459963400,courieti,yes man,58
1097343570,volodymyr_korna,Volodymyr Korna,58
3160068740,mcodepro,____mkt____,58
33570271,avpet,avpet,58
3125520829,efeuska,Efe Kahraman,58
32938900,Viewtiful_,Baptiste Haudegand,58
1661335718,samdvr,Sam Davarnia,58
4582046952,zhange_zzg,Zhange,58
69819418,acherm,Mathieu Acher,58
2994841346,programmerohit,Rohit Sharma,58
1016625627422691329,Joe_Signify,Joe Howley,58
23423918,sbuljat,Stjepan Buljat,58
72476848,OnSoftware,Vladimir Bacvanski,58
30027532,adamrabung,Adam Rabung,58
42229232,zeunknown,Hmila Amine,58
455959910,ScalaHamburg,Scala-Hamburg.de,58
3130355062,ScalaUpNorth,Scala Up North,57
804381,ClintCombs,Clint Combs,57
347029603,placidex,Krishna Padmasola,57
25068157,wmaesschalck,wim maesschalck,57
978458353,mighty_aboba,yet_another_artem,57
221478750,harolds_port,Harold Portocarrero,57
27029945,skchrko,skchrko,57
28331572,japgolly,David Barri,57
4234052656,nicpereirahere,Nic Pereira üá¨üáßüá∏üá¨,57
15455532,nktpro,Jacky Nguyen,57
978819294535585792,yifan_xing_e,Yifan Xing,57
36431775,rtkroman,roman,57
2407565018,pek_twit,pek,57
1548547333,tabdulradi,Tamer Abdulradi,57
3080010940,philderome,Phil Derome,57
91443323,taggiasco,Matthieu Taggiasco,57
806789651251924992,sciabarracom,Michele Sciabarra,57
2969662726,FabGutierr,FG üá™üá∫,57
41997709,ArminKVanL,Armin Keyvanloo,57
1332211142,regis_leray,regis leray,57
111566920,biancatesila,Bianca Tesila,57
102975759,benjit87,BenjiT,57
103132117,tomwadeson,Tom Wadeson,57
4923282566,_c__e__s__a__r_,c√©sar,56
707484470392332288,hipsterelectron,danny mcClanahan (the artwork),56
879947738,lmnet89,LMnet,56
173318769,pitloffredi,Pietro Loffredi,56
21265695,AndrewZurn,Andrew Zurn,56
168805547,RobertoUA,Volodimir Barna,56
4891950371,Martinchirchir1,Martin chirchir,56
138097962,cadetiloye,Charles Adetiloye,56
198579020,kubukoz,Jakub Koz≈Çowski Œª,56
932387166,mioalter,Mio,56
15823674,Nuriaion,Fabian,56
18101688,juanjovazquez,Juan-Jose Vazquez,56
153763123,coldenzero,Muayad Sayed Ali,56
234019481,PietroGentile89,Pietro Gentile,56
45646800,pfeiffer_d_,Daniel Pfeiffer,56
20013285,alexcruise,Agh,56
879598760023789568,MihaiAntonie,Mihai Antonie,56
387163076,jlprat,Josep Prat,56
2430396085,timnieradzik,Tim Nieradzik,56
55532730,tbjerkes,Trond Bjerkestrand,56
3295515965,NKhoroshevsky,anticipation,56
724428432,marcraminv,Marc Ram√≠rez,56
911162538615820288,ScalaJobboard,Scala Jobs,56
19049922,bezgail,Kidane Weldemariam,56
310773602,johan__walters,Johan Walters,56
709836409822191616,LucBaro,Luc Baro,56
77662878,frog_splash,Harsh,56
14532023,regadas,regadas Œª,56
508705193,simon_yann,Yann Simon,56
549929016,nihilipster,Antonio Hdez. Blasüîµ,56
67076379,murdix,Mario Cornejo,56
336323695,TBaarros,Obarros,56
14430021,mpilquist,Michael Pilquist,55
362018669,alo_davi,Alo Dorian Codes üéß,55
47754999,andanthor,Alejandro Lujan,55
49379178,mkotsbak,Marius Kotsbak,55
2835644162,_rabzu_,Zuka,55
104135733,oleg_kovalenko,Oleg Kovalenko,55
2309104237,amrahoff,Amrah Umudlu,55
97209103,arselvam,arselvam,55
274614483,javi_martinez20,Javier Mart√≠nez,55
248256985,LuisMigSerrano,Luis Miguel Serrano,55
43074803,Abd4llA,Ahmed Abdalla,55
55234514,strobegen,Evgeniy Tokarev,55
4027691,kmizu,Kota Mizushima (on a diet),55
954365488997552128,Scalainthecity,Scalainthecity,55
823986072,WiemZin,Wiem 2.1 üîß,55
18364654,jreuben1,(((JReuben1))),54
57326380,13urstSkill,Francis Johny,54
1040677547091128325,TomTriple,TomTriple,54
84679642,cseki,Krisztian Cseh,54
60726305,mrueegg,Michael R√ºegg,54
2397646538,mielientiev,Ihor Mielientiev,54
848602148,Slider_123,Alex Baitov,54
727484921334353920,IWalker1976,Ian Walker,54
1137756254,bishabosha,Jamie Thompson,54
856793835418079232,JackAtSM,Jack at SkillsMatter,54
805931298946777088,EllanVannin_CA,Ellan Vannin CA,54
186662749,DtuttleO,Daniel Tuttle,54
26201693,gluegadget,amir,54
14796095,wendydevolder,wendydevolder,54
933200298,ingpreneur,ingpreneur,54
49316078,SIPgreen,Yoel Garcia Diaz,54
898589651925184512,t_izbassar,Tolegen Izbassar,54
63038679,sptz45,Spiros Tzavellas,54
619897829,RealMrGloverman,Phil Glover,54
7862082,lustefaniak,≈Åukasz Stefaniak,54
18526231,ant8e,Antoine Comte,54
1197815086519398401,GregSignify,Greg Elliot,54
15406736,alexelcu,Alex Nedelcu,54
766267395837222913,Scala_Central,Scala Central,54
14166131,s_scarduzio,Simone Scarduzio üá¨üáß,53
134954443,agile_jordi,Jordi Pradel,53
29678151,waxzce,Quentin 'üêß' ADAM,53
915175548149788672,susan_signify,Susan Barrance,53
963250632,VladUreche,Vlad Ureche,53
51099212,ruifmorais,Rui  Morais,53
12660502,frodriguez,frodriguez,53
17239073,Atabey_Kaygun,Atabey Kaygun,53
3395555375,sake_92,Sake,53
2422588014,Tornadolobo,Sandra Wolf üê∫,53
959822869340463104,InnNimas,Samin Arefin,53
2217732422,MarkRBM,Mark Moore,53
340735528,Hawstein,Hawstein,53
14071240,livetang,ÂîêÂè§ÊãâÂ±±,53
36755714,zarinfam,Saeed Zarinfam,53
1055164504256974848,atopbook,A Type of Programming,53
14622451,etorreborre,etorreborre,53
870957497200381952,JonasSprengerjo,Jonas Sprenger,53
302278547,LeoDagDag,Fr√©d√©ric Patin,53
342738627,sderosiaux,St√©phane Derosiaux,53
1310202480,matteobaglini,Matteo Baglini,53
14250470,dkarlinsky,Dmitry Karlinsky,53
145785956,spartakos13,Ser Fil,53
160627846,aywengo,Roman Melnyk,53
106137085,johnny_everson,Johnny Everson,53
18994558,jaguarul,Iulian Dragos,52
6522042,mtk,Mark Kennedy,52
1040301050622877696,Eskandiel_,Sherif,52
871444144849211392,vi_ka_sh,Vikash Sharma,52
296152030,peterschmitz_,Peter Schmitz,52
976408893361410048,ShanL_Signify,Shannon Lynch,52
22874473,heathercmiller,Heather Miller,52
152682018,vikasdp,Vikas Pandya,52
908062153894240258,Gjohn68447663,Gjohn,52
1131947838,Namanjain020,Naman Jain,52
14363134,OMEDGE,.,52
15780219,andrew_dean,andrew_dean,52
20525456,pieter_vg,Pieter Van Geel,52
757044180,narya577,narayanareddy,52
63247175,MrDnX,Dennis van der Bij,52
1050548803206557697,wode_xiaomao,Gato Apestos√≠n,52
24869494,ludovicc,Ludovic Claude,52
8815922,posco,P. Oscar Boykin,52
862904090,BenoitMontuelle,Benoit,52
176809918,D4v1XSB,David Santiago,52
10868832,mildlyskilled,K // Aning (üá¨üá≠|üá¨üáß),52
1118506153,aaron_s_hawley,Aaron S. Hawley,52
11530592,noelmarkham,Noel,52
745273102414807040,jordanr00137363,Jordan Richards,52
985599596863873024,60innovations,60innovations,52
18819334,keithschulze,keithschulze,52
26724164,khayes4days,Kathleen Hayes,52
210700310,soumya_sd,soumya,51
1038902871293681664,DiogoFromRio,Diogo,51
1457711186,CruncherBigData,Haidar Hadi,51
1043067076481622016,Alex_Signify,Alexandra Breslin,51
14919086,birchsport,Birch,51
14173487,sbuzzard,Steve Buzzard,51
768401230431416320,KeystopOleg,Oleg Tarasow,51
16602164,lightbend,Lightbend,51
3231558819,dmazurio,Damian Mazurkiewicz,51
19975221,ch1m3ra,Arlen Haftevani,51
853025306864750592,fourdeefree,Michael,51
24856265,miciek,Micha≈Ç P≈Çachta,51
130759073,jvorhauer,Jurjen Vorhacker,51
137396807,ekrich,Eric Richardson,51
943524082464755715,mnsTIMNegrillos,Maximiliano Negrillo Salcedo,51
3743272093,simpmach,Simple Machines.,51
3387781727,tmcasper,Tom Casper,51
44188191,ignasi35,Ignasi Marimon-Clos,51
40961352,LukaJacobowitz,Luka Jacobowitz üè≥Ô∏è‚Äçüåà,51
238816780,ZachAMcCoy,Zach McCoy,50
4952771,fernandobrule,Fernando Br√ªl√©,50
20990789,SebastienHugues,Sebastien Hugues,50
50956346,pavelfatin,Pavel Fatin,50
709383484058501120,spam_feed,Max P.,50
88893314,jooohnnie,Johnnie Ô£ø,50
404193179,eprequejo,Estela Pinto Requejo,50
3250131960,singingcode,Vladimir Mikhaylovskiy,50
70647929,gimme_moe,Martin Mauch,50
952556133654376448,TroyStarkJr,Troy Stark,50
227051935,TheAlmikey,Michael Gikaru,50
109266725,dd_digz,(((David Dikker))),50
501656285,vlovgr,Viktor L√∂vgren,50
100772684,IuriiSusuk,Iurii Susuk,50
6520062,matthedude,MP,50
347428055,bkunyiha,Bill Kunyiha,50
16433419,pjagwani,pjagwani,50
496999432,ajna0116,JaeMyeong,50
2330795988,MateuszSobiesz,Mateusz Sobieszek,50
16697708,AbelBTerefe,Abel Terefe,50
1050703646931980288,choc_panda,ChocPanda,50
144450096,balajisivaraman,Balaji Sivaraman,50
93014104,bilal_fazlani,Bilal Fazlani,50
1368725588,ALinkedList,A Linked List,50
168104106,domartynov,Dmitry Martynov,50
66090339,kvrma,Krish Verma,50
932677457873981446,unyagami,Jefers√∏n DŒ±vid Ossa üè≥Ô∏è‚Äçüåà,50
329685404,LoveHasija,Love Hasija,50
12685212,imsoz,Zava,50
4836045227,gosubpl,Janek P,50
295976669,joescii,Joe Daniel Barnes,50
41750606,efrenkb,Efren Katague,50
268923861,vkostyukov,Vladimir Kost—ékov,50
52728248,magnusberglund,Magnus Berglund,50
386975439,frank_neff,Frank Neff,50
1016277612,DavidGregory084,David Gregory,50
1374458143,rodant68,Antonio Rodr√≠guez S.,50
41881063,Matsluni,Matthias L√ºneberg,50
126638564,NicolaBernini,Nicola Bernini,50
53169898,lkuczera,Lukasz Kuczera,50
3206462715,jzadrag,Jacek ZadrƒÖg,50
93711098,salc2,SŒªlc2 ‚òïüïπÔ∏èüáªüá™,50
32418837,andygscott,Andrew Scott,49
791652549338226689,triple_quote,Triplequote,49
15855598,riccardo_cardin,Riccardo Cardin,49
17645146,aishfenton,Aish Fenton,49
978928767719657473,scalanantes,Scala Nantes User Group,49
2262815731,h100gfld,h100gfld,49
44183405,PeterPerhac,Peter Perhac,49
54440793,stefandragnev,Stefan Dragnev,49
475203233,dfacastro,Diogo (f a) Castro,49
538503289,rbarikmo,Rune Barikmo,49
1146061044,VlachJosef,Josef Vlach,49
16219178,Kamugo,Miguel P√©rez,49
898676458163499009,andrei_rafai,Andrei Rafai,49
17765013,odersky,Martin Odersky,49
1035468098,DanielPous,Dani,49
55095654,programaker,Marcelo[G[_] : Gomes],49
604602344,ahmedafox,Ahmed Al-Issaei,49
1494270889,numanbdr,....,49
368794229,dnvriend,Dennis Vriend,49
433561321,RyanTomczik,Ryan Tomczik,49
797858593018028032,iBob4ik,Vladimir Ivanovskiy,49
50618009,mpmlopes,Marco Lopes,49
188866818,hicolour,Marek Prochera,49
22022613,Marutks,Maris Orbidans,49
14317610,sumidiot,Nick Hamblet,49
1160608087016796163,rkc19801,rkc1980,49
196215917,oacgnol,Long Cao,49
855420559093530625,CarlaAtGG,üè≥Ô∏è‚ÄçüåàCarlaüáØüáµGaggini üá™üá∫,49
1072407426,betsayeb,Soner,49
109690809,stephaneledorze,stephane le dorze,48
4004204063,isomorf_io,isomor∆í,48
3022759941,gabarapi,Piotr Gabara,48
469794683,DmytroMitin,Dmytro Mitin,48
2850030896,shiv4nsh,Shivansh,48
1401507799,air_manitra,Ranaivoson,48
759969211,tomzalt,Tom√°s L√°zaro,48
18273442,thecoda,Kevin Wright,48
892067551685070849,SoftwarejobsUSA,Daman,48
15462267,kyleFitch,Kyle Fitch,48
357736899,neribr,Bruno Neri,48
825282076094128130,lbpaine,Lance Paine,48
200653266,mandubian,mandubianhotep,48
20956791,sjfloat,Steve Jones,48
82056534,jnsadlr,Jonas,48
816399857955078144,morang0_,morango,48
14302386,adriaanm,Adriaan Moors,48
17534675,berenguel,"Ruben Berenguel, PhD",48
38385999,interfluidity,Steve Randy Waldman,48
2881214580,sfscala,SF Scala,48
2264250288,ScalaTimes,Scala Times,48
251618194,naderghanbari,Nader,48
911491148539207680,_fatcaterpillar,Szymek,48
386375192,yangbajing1,yangbajing,48
1118479999496007685,kzs_scala_fp,Kaizen Scala FP,48
90640376,prasinous,Rose Toomey,48
146353175,rladstaetter,Robert Ladst√§tter,48
41074991,LunatechLabs,Lunatech,48
434953865,Jammerwock,Jammerwock,48
134840185,rajusingh4,Raju Singh,48
106332470,yuripav2002,Yuri Pavlov,48
87104238,mordonez_me,Marco Ordo√±ez,48
82908214,tprete,Tyler Prete,48
14684035,philip_schwarz,Philip Schwarz,48
19590257,frankolken,Frank Olken,48
3241621826,ayanbejava,Ayyappan Chelladurai,48
56347915,vvviiimmm,Oleksii Avramenko,48
3336847340,dor_sever,dor sever,47
14264704,minosiants,Kaspar Minosiants,47
915182886843830275,woodbridge_carl,Carl Woodbridge,47
1252227625,JohnnyLongevity,John Sullivan,47
1382893914,ScalaIO_FR,ScalaIO_FR,47
99363361,thebignet,Jean Detoeuf,47
8041522,d6,‚õ≠ etherik ‚õ≠,47
64796350,lucasrpb,Lucas Batistussi,47
279096986,pshemass,przemek wierzbicki,47
139673961,devsprint,Gabriel Ciuloaica,47
266749648,sergiotudela,Sergio Tudela Romero,47
378781752,potigol,Linguagem Potigol (Potigol Language),47
74999293,ernstjan_m,ernst-jan,47
4270649729,ScalaWilliam,William Narmontas,47
1009760377,jedrekn86,Jƒôdrzej Nowowiejski,47
18844416,hunglin,Hung Lin,47
1976481018,HajlaouiNader,Nader Hajlaoui,47
308959418,pandaforme,pandaforme,47
258391821,jarlestabell,Jarle Stabell,47
141737249,loicknuchel,Lo√Øc Knuchel,47
25184156,digeratus,John Langley,47
17923717,mmt_lvt,MMT+LVT,47
282838003,mohamed_elhosni,Mohamed HOSNI,47
230929653,theexceptioncat,Steven H,47
1226107573,patocheleroux,Lo√Øc W.,47
870387862386032640,scala_ninja,Jeffrey Aguilera,47
14296308,IvanoDiana,IvanoDiana,47
1464545792,Pyfagorass,His Excellency The Right Honourable Pyfagorass,47
3098504872,jwassiii,john wass,47
19354604,alexey_r,Alexey Romanov,47
131470252,ZhekaKozlov,Zheka Kozlov üáπüá≠,47
1060187946,chaitanyawaikar,chaitanya waikar,47
231931663,anilhalil,anil chalil,47
14385735,_romac,Romain Ruetschi,47
15769932,russwyte,Russ White,47
835785240,RaulPiaggio,Ra√∫l Piaggio,47
204245856,gmethvin,Greg Methvin,47
1323573967,jigneshs_shah,Jignesh,47
383439340,johanzoidberg,Johan Prinsloo,47
296052854,vascorsd,Vasco Dias,47
16778626,milliondreams,Rohit Rai,47
132482086,kierat_s,Sergiusz Kierat üáµüá±,46
268214179,terrymunro,Terence Munro,46
16473816,poffuomo,poffuomo,46
471084316,jak_sky,Jakub Stransky ‚õÖ,46
182435494,anOrdoLiberal,Nathan Stark,46
4012448872,rafal_krzewski,Rafa≈Ç Krzewski,46
18285288,mmulji,Milan Mulji,46
44853930,armsargis,Sargis Harutyunyan,46
157296360,Arulselvan_Says,Arul,46
318773287,diesalbla,Diego E. Alonso Blas,46
356843649,kochouloo,Sebastien Coquelin,46
2368528578,iamitbansal7,Amit Bansal,46
4450945168,tvwalter2,Thomas Walter,46
3901043060,sathish55kumar,Sathish kumar,46
2451257888,masaldaan,Sidharth Masaldaan,46
17943055,Rich_Ashworth,Rich Ashworth,46
3163551695,bartkali,Bartek Kalinka,46
111085548,Korbik,Korbik,46
1881138704,KurtFehlhauer,Kurt Fehlhauer,46
793860158,tonivade,Toni Mu√±oz,46
82838297,imdac,Dac,46
62483804,bszwej,Bart≈Çomiej Szwej,46
16818440,corruptmemory,Jim Powers,46
736380263387803648,davenpcm,Chris Davenport,46
4511671948,bogdanromanx,Bogdan Roman,46
17406474,JonasHeylen,Jonas Heylen,46
15148639,Madhur_Kumar,Maddy,46
369987139,JanStette,Jan Stette,46
25596212,bzrry,Tom Berry,46
246987634,habeggel,Lukas Habegger,46
17024632,dmrolfs,dmrolfs,46
92637209,DrGhotbi,Seyed Hossein Ghotbi,45
2488472640,johnregandev,John Regan,45
17047623,AnaOliv,AnaOliv,45
61673,easel,erik,45
778578656,4m1rk,Amir Karimi,45
15044536,arunma,Arun Manivannan,45
2466190152,JiminHsieh,Jimin Hsieh,45
116032740,gyan85,gyanendra mishra,45
84241134,him_aro,Himanshu Arora,45
215271396,darkdimius,Dmitry Petrashko,45
4325301,retronym,Jason Zaugg ‚öôÔ∏è,45
963769054094766081,imarksilva,Mark Silva,45
92645770,Idarlington,Ikenna D.O,45
970017369363017728,toniogela,Antonio Gelameris,45
956244858758488064,filatov_py,Pavel Filatov,45
354768670,granguo,Gran,45
196539572,wangdx,Echo,45
100181922,anthonyawuley,anthonyawuley‚Ñ¢,45
393338957,BigDaveNz1,David Dudson,45
16892506,renatocaval,Renato Cavalcanti,45
460068322,PNeyens,Peter Neyens,45
82566289,JonasAckermann,Jonas,45
20590206,otobrglez,Oto Brglez üï¥,45
316499548,pepness,Forastero,45
2807851,weihsiu,Walter Chang,45
504981971,lawalspeaks,Lawal,45
135487373,Ebiznext,EBIZNEXT,45
1630917498,_anand_singh,Anand Kumar Singh,45
2525640956,mariano_bertoni,Mariano Bertoni,45
983349010818715648,shahrdad_shadab,shahrdad shadab,45
14368844,timstewart,timstewart,45
19090203,marcesquerra,Marc Esquerr√† üï∑,45
497319486,BeniVF,Beni Villa Fern√°ndez,45
111080814,FPerezP,Fran P√©rez,45
256504608,tovbinm,Matthew Tovbin,45
56692867,clemus90,Christian Lemus,45
35203517,jeanhelou,Jean Helou,45
320573380,sushmiz,sushmi shrestha,45
1198962567147872256,PatrickSignify,Patrick Gallagher,45
186662038,mselender,Mike Selender,45
2176581330,VictorSvistunov,Victor Svistunov,44
260460898,Bhudjo,Alec,44
45291532,hileshaswani,hilesh aswani,44
838120374944559105,lidalidou7,Lida Lida,44
146948976,StefanZeiger,Stefan Zeiger ü¶ã,44
131930045,fadyzohdy,fady zohdy,44
15229928,gabro27,Gabriele Petronella,44
478573940,DanielDyonis,Stoica Daniel,44
481993258,gaborpihaj,Gabor Pihaj,44
53986971,fantayeneh,Fanta,44
19336027,moacybarros,Moacy Barros,44
439946692,Knolspeak,Knoldus Inc.,44
54610272,mabrewer7,Mark Brewer,44
19418890,jsuereth,Josh Suereth,44
81227274,__photomaton__,D√°rio Abdulrehman,44
375489422,vshalts,Vadim Shalts,44
2515746551,SofiaVJones,Sofia Vaughan-Jones,44
41104151,fredferrao,Ferr√£o,44
455142411,olafurpg,√ìlafur P√°ll Geirsson,44
1089249257545179136,ArnoldLacko,Arnold Lacko,44
1234718042,darjutak,Darja Jovanovic,44
1110647420843708416,fpinbo,Functional Programming in Bologna,44
18240882,NourdineBghaz,Nourdine @CodeWorks,44
529409780,tzcoder,tzcoder,44
62628733,runT1ME,Vincent Marquez,44
780384406297018368,ForwardRoleVick,Vicky Anne Walker,44
142009511,CLunang,Lunang,44
154452733,rssh1,Ruslan Shevchenko,44
253251292,bk1_168,Karl Brodowsky,44
563438322,Meingott_w,"Chico Capellas, New York, Ostk√ºste",44
14940368,daveholtzhouser,Dave Holtzhouser,44
13995462,Grogs,Greg Dorrell,44
17912290,curious_corn,curious_corn,44
103094976,ivan_babanin,Ivan Babanin,44
15346443,pallay,pallay,44
8334322,leithaus,leithaus,44
396974869,travissarles,Travis Lee,44
431984720,BoldRadius,BoldRadius Solutions,44
1479202453,newspeciesIndia,Harsharanga Patil,44
160211381,patoms_space,Thomas Panthera,44
866541687467896832,WojUrb,Wojciech Urba≈Ñski,44
52621702,digicyc,‚öô digicyc ‚öô,43
158248096,__pelusa,rodrigo rodr√≠guez,43
241236546,aa_merchan,Alejandro Merchan,43
978941110218317824,ctengctsh,Chen Zhixiang,43
15332211,gilmichlin,gilmichlin,43
361220914,oxnrtr,soc,43
132813260,prabhatkashyap_,Prabhat Kashyap,43
575187510,CamJo89,Cameron Joannidis,43
2975628301,ratulmukh,Ratul Mukhopadhyay,43
200462964,EnviousSwan,Roman Lebid,43
3241576024,volpegabriel87,GabrieŒª VoŒªpe,43
858448387154345985,burakkose41,Burak Kose,43
29483293,maxgekk,Max Gekk,43
281431920,a_zhur,Artur Zhurat,43
2246693798,rahul_kumar_aws,Rahul Kumar,43
130519039,tweetsofmo,Mohammed Abdulrazeg,43
16126822,nicolasleroux,nicolasleroux,43
19482985,fst9000,Frank S. Thomas,43
172605143,Rodricifuentes,Rodri Cifuentes,43
1381605006,rand_w90,rand,43
37239338,MattRussellUK,Matt Russell,43
1173635803848876032,AlexGr_Signify,Alex Green,43
728494103550365696,ivandyachenko_,Ivan Dyachenko,43
60799179,atrianac,Alejandro Triana,43
66690502,AlirezaMeskin,Alireza Meskin,43
19709767,rafacm,rafael cordones,43
573601597,TudorPalanga,Tudor Palanga,43
522449564,mat4nier,Mat Fournier,43
26374950,barambani,Filippo Mariotti,43
11203162,targaryen,Javi,43
20909005,EncodePanda,Pawe≈Ç Szulc,43
12446952,raul782,raul782,43
2266131,fsvehla,Ferdinand Svehla,43
821134791034765312,reactive_p,reactive_P,43
12285382,ragb,Rui Batista,43
222663512,seratch,Kazuhiro Sera,43
2560553782,lootser,Eric Loots,43
211869105,eoinparker,Eoin Parker,43
20975542,MMagnet,‚Äπ?phi,43
33534969,srirachapills,sriracha pills,43
202135382,hansospina,Hans Ospina ‚òïÔ∏è++,43
23338796,ashleyrcollins,Ashley Collins,43
1057047945504346112,cipriandr3i,Ciprian Sofronia,43
262534519,bharathtalks,Bharadwaj,43
3431483848,kartavtcev,Sergei Kartavtcev,43
52342995,jtysper,J√∂rn Tysper,43
15102411,vishwasms,Vishwas Srinivasan,43
1107964753169842177,functional_jvm,Prague Functional JVM Meetup,43
16821236,raghu_ugare,raghu_ugare,43
14313334,miriarte,Marcos Iriarte,43
20768176,MDangerfield,Martin Dangerfield,42
15560520,mushtaqA,Mushtaq Ahmed,42
859353812389298177,scalavision,Tom,42
48582631,yawaramin,Yawar Amin,42
552581863,pagoda_5b,pagoda_5b,42
14059126,coacoas,Bill Carlson,42
217926511,juhanlol,JU Han,42
26729093,yangmw,Wayne,42
203044718,dgalichet,David Galichet,42
254525249,rafalpokrywka,Rafa≈Ç Pokrywka,42
131126827,miguelpuyol,Miguel Garc√≠a Puyol,42
34551727,dborisenko,Denis Borisenko,42
2913794055,alevermeulen,Alessandro Vermeulen,42
187074794,47deg,47 Degrees,42
548301113,larsr_h,Lars Hupel,42
790620032,AoiroAoino,Naoki Aoyama,42
27863453,ccheneson,Cyril Cheneson,42
247361926,anatolyra,Anatoly Rabinovich,42
59744747,entangled90,Carlo Sana,42
3295704627,jarek_rozanski,Jarek Rozanski,42
29444566,milessabin,Miles Sabin,42
82266082,virus_dave,Dave Nicponski ‚úçÔ∏è,42
398368477,camontecinos,Carlos Montecinos,42
116452694,keita_na,„Ç±„Ç§„Çø,42
440758737,nen9ka,–ü–µ–ø—è–∫–∞,42
242098529,steinybot,Jason Pickens,42
179494309,slovic_r,Slovic,42
486674560,_kkanojia,Kunal Kanojia,42
89820826,aminoid,amino,42
3334134879,updateimpact,UpdateImpact,42
133194212,VanniCaruso,GioGio,42
73896424,marcogazzuolo,marco gazzuolo,42
504232489,a5566740293,Èô≥Âª∫Âã≥,42
56698872,almendar,Tomek Kogut üáµüá±,42
878405163526086656,LambdaTeamIO,LambdaTeam,42
1956452647,dejan_mijic,Dejan Mijic,42
417198788,makingthematrix,Maciek Gorywoda,42
34434997,countz,countz,42
12338042,agsmith,agsmith,41
552148139,arnaudeprez,Arnaud Deprez,41
64458591,iliofotou,Marios Iliofotou,41
20348863,RickBueker,Rick Bueker,41
2885646156,bigscala,Scale By the Bay,41
65390141,dmainf,damian üèõÔ∏è‚ö°Ô∏è‚õ™Ô∏è,41
45857876,jjmalina,jeremiah,41
18130341,zen_hoffman,Zen Hoffman,41
397987464,invkrh,Hao Ren,41
14127929,madcyree,madcyree,41
48144253,blaizedsouza,Blaize D'souza,41
83420482,WarN4N,Warren Wood,41
159810124,AlekseyMoseev,Aleksey Moseev,41
51388912,kwarkk,Peter Mortier,41
326325013,VoytechM,Wojtek Malinowski,41
236296665,asocorrot,Alejandro.,41
1022578172192333824,MonatChristophe,Christophe Monat,41
19343296,fritzsss,dave s,41
13240282,vdichev,Vassil Dichev,41
786955668,l7r7_,Leonhard Riedi√üer,41
1025097565434458112,kai_nyasha,Kai,41
3060530396,RichardWhaling,Richard Whaling,41
2976782045,el_roadie,Luke Rohde,41
2270465846,DariusRRobson,Darius Robson,41
932885627795922944,jaina_00,abhishek jain,41
64181506,aleks_sidorenko,Aleks Sidorenko,41
29534961,normenmueller,Normen M√ºller,41
387143185,BKarabalin,Bakhytzhan Karabalin,41
353768648,huitseeker,Francois Garillot,41
3311870396,ckipp01,Chris Kipp,41
1172428115403952128,Peter_Signify,Peter Wedgeworth,41
357761358,_hhandoko,Herdy Handoko,41
84580404,tomalex1,Thomas Alexandre,41
96861707,lewisjkl,Jeff Lewis,41
1122758985969324032,Gaufoo3,Gaufoo,41
2550140406,Scala_Dev,ScalaDev,41
75576254,sergio_pelin,Sergio Pelin,41
2590200469,_dev070,/dev/070,41
917388366567690240,Ryan_Signify,Ryan Adams,41
405389911,vlpavkin,Vladimir Pavkin,41
28794886,Haghard,Vadim Bondarev,41
48438293,DerDackel,Sebastian Jackel,41
139809869,tworrentz,Timo Schmid ‚ö°,41
97046756,sedatkandemi,serdar demir,41
19150497,virtualvoid,Johannes Rudolph,41
1235701536,RaresTausancea,Rares Tausancea üá™üá∫,41
14935894,dtornkaew,Lance Linder,41
16006880,jugalps,Jugal Shah,41
14746057,skaalf,Julien Tournay,41
284406598,ChrisHeikkinen,Chris Heikkinen,41
3181149519,Dana_S_Peele,Dana Peele,41
86905773,mfirry,Marco F.,41
485841773,fmasion,Fr√©d√©ric Masion,41
360339872,psilospore,Syed A Jafri (psilospore),41
570504804,BbalajiSg,BalaB,41
18943468,justinelsberry,Justin Elsberry,41
538051444,LehugerV,Valentin Lehuger,41
32851321,Xronosd,Denis Khranovskiy,41
25863066,vigosun,Rustem Suniev,41
1934724733,meriamLachkar,Meriam L,41
25731201,alvinalexander,Alvin Alexander,41
923795083891171328,lisprezz,MingyangYin,40
87301883,dvic87,Damir Vandic,40
62612388,jayhoffs,Jens Hoffmann,40
410093042,sriharirao93,kusumanchi srihari,40
60895153,djsecilla,Daniel J. Secilla,40
155536870,samcschneider,Sam Schneider,40
23868962,relrod6,Rick Elrod,40
778522775820570624,ScalaLibHunt,Scala LibHunt,40
627366168,giuxale,Alessandro Ercolani,40
8845752,0xD1,Israel Z√∫√±iga de la Mora,40
243827526,_eambrosioc,Emilio Ambrosio Cordero,40
16095150,visarz,v,40
21086435,rparree,rapha√´Œª,40
185547617,pvsehgal,Paul Sehgal,40
3060306994,iteratorshq,Iterators,40
3073307699,1990jfk,Patryk Ja≈ºd≈ºewski,40
1298656134,nnmurthy3,Narayanabhatla Naras,40
227784925,daunnc,Grigory Pomadchin,40
1546151372,thinkernize,Erik Janssen,40
469425357,zhaihaoooon,zhaihao,40
315672357,elfolink,Matteo Gazzetta,40
15905923,NWCasey,Neil Casey,40
224572942,aleksandrvin,Aleksandr Vinokurov,40
17863888,ijuma,Ismael Juma,40
151947804,laithshadeed,Laith Shadeed,40
1345043875,Functionalworks,Functional Works,40
763212522400849921,hyscala,HŒªScala,40
122303626,_joseraya,Jose Raya,40
399140648,KshitijKarthick,Kshitij Karthick,40
46982053,dwijnand,Dale Wijnand,40
1018583005617586176,ryanjmurphy7,Ryan Murphy,40
324746604,OS_Beaver,OS_Beaver,40
189965838,agilesteel,Vladyslav Pekker,40
289542230,mavencode,MavenCode,40
10826422,ironfish,Duncan DeVore,40
765470358464069632,mdedetrich,Matthew de Detrich,40
1080807456958234624,TyneOn,scala-on-tyne,40
450849651,wielocha,Miko≈Çaj Wielocha,40
94762245,doubaokun,Bruce Dou,40
1313700247,afijog,Antonio Fijo,40
51351171,tiagoooliveira,Tiago Oliveira,40
13045602,evantill,Eric Vantillard,40
327896271,luca_julian,luca üè≥Ô∏è‚Äçüåà,40
242368776,cuongdd2,Cuong Do,40
359711363,anicolaspp,Nicolas A Perez,40
15925986,gregsbriefs,greg silin,40
1680370392,sschtwitt,Sergey Scherbina,40
231374950,kafeodorov,Konstantin Fedorov,40
440350016,raphaelbacconni,RaphB.,40
927755219961749509,reach_akash,Akash Srivastava,40
69882911,enric0x,Enrico,40
13277252,davidgreco,David Greco,40
582373400,func__,func__,40
3371544088,_TheodoreM_,__TheodoreM__,40
42457621,dileepbapat,dileep,40
1019259935790493696,nnhiguchi,nhiguchi,40
2241768934,maubalpes,maub alpes,40
253292800,jdprc6,Joseph Price,40
416062301,RenWeiluo,David Weiluo Ren,40
2488785073,duketon1,Michael Kendra,40
519692977,jlncrnt,JlnCrnt,39
281139284,rtfpessoa,Rodrigo Fernandes,39
17934573,ajithjosek,Ajith K J,39
3870096251,howardrotterdam,Howard,39
84917467,danosipov,Dan Osipov üêú,39
312507661,ddanielyli,Dan Li,39
2150733381,a_dev_musing,Rory,39
3276567452,kuhnhausen,forgetfulMap,39
162588821,amitsingh1103,Amit Singh,39
1190966953,michael_at_work,michael who,39
426838233,kulinux1,kulinux,39
1013234281,onesmoar,Fred H,39
30564968,FelixMulder,Felix Mulder,39
1006391,PaaSDev,Tim Spann,39
405422951,lukasek86,≈Åukasz Zubkowicz,39
79280402,ExNexu,Stefan Bleibinhaus,39
91258696,PersistentCooki,Orchid Bulldozer Subject Matter Expert,39
39835371,bkent314,Brian Kent,39
15791929,briankanter,briankanter,39
866830968,alduk79,Arsen Kudla,39
901899938015178752,danich3g,Daniel Esik,39
312130917,jeremy_daggett,Jeremy Daggett,39
292307928,meta_Lloyd,Lloyd,39
54428352,anrizal,Anwar Rizal,39
343437104,unilama,Marcin Stanislawski,39
17611051,jhaberstro,Jedd Haberstro,39
2493985832,jatcwang,Jacob Wang,39
2632743047,jojgov,Georgi Jojgov,39
18683074,rodolfodpk,Rodolfo,39
1203601614931546113,reibitto,reibitto,39
993041194128113664,fdWvHarry,Stefan Schneider,39
10253012,MaggieL,Maggie Leber,39
17932758,typetetris,Karthik Krishnamurthy,39
284528946,therealsonsy,Ope,39
2979751391,and_prf,Andrea,39
1015353780,DamienRyd,Damien,39
60163619,ivantopo,Ivan Topolnjak,39
6562002,debasishg,Debasish (‡¶¶‡ßá‡¶¨‡¶æ‡¶∂‡¶ø‡¶∏‡ßç) Ghosh üáÆüá≥,39
773643413711425537,nubesoft_ec,nubesoft,39
721921194971279360,hamed_nourhani,Hamed Nourhani,39
827186910,TiagoMota09,Tiago Mota,39
3118522983,koutkiasv,Vagelis Koutkias,39
14394427,epishkin,oleksii iepishkin,39
14468365,vejeta,Juan M√©ndez,39
121790934,sshark97,TH Lim,39
158830095,ikhthiandor,Hasan Mahmud,39
19288079,BrianStothers,Brian Stothers,39
1111922169242677248,jadeszek_,Kamil Szymon Jadeszko,39
563961314,DrMarkCLewis,Mark Lewis,39
4860614988,crispy_booster,Functional Walrus,39
3041451056,ddhuan88,Huan Dao,39
14086115,rubbish,Luke Amdor,39
8125452,ebowman,Eric Bowman,39
481189329,ScalaJobsUK,Ryan Hayward,39
249584307,gruggie,Giovanni Ruggiero,39
812751978082275328,SaniyaTech,Saniya Tech,39
820160561077882880,joeohomos,oeohomos,39
5397802,neverfollow,Devang,39
101496282,algoriffic,Anthony Fox,39
1215618614,samuelgruetter,Samuel Gruetter,39
763350288,agileSeong,Sean Kwak,39
34568038,nsphung,Nicolas Phung,39
1050886518,TheKamilAdam,KamiŒª ‚àÄdam,39
925134508801871872,rplulx,Labert,38
987762091804299264,FedoroffOleg,Oleg Fedoroff,38
963411698,itcognoscente,Gregory Hutchinson,38
913749301582495744,Lynxen93,Yonas Ghidei,38
23055196,rintcius,Rintcius Blok,38
841326586209173505,vtabaaciii,victor tabaac,38
222292539,pasc_r,Pascal Rodriguez,38
2563017361,hanhtrd,Truong Duc Hanh,38
1155449571998359552,RickA39464547,Rick,38
21510704,oecheverri,Octavio Echeverri,38
372020096,defpan,Pankaj Gupta,38
13829982,chapes,üÖ∞üÖªüÖ¥üÜá üÖ∞üÖ≤üÖ¥üÜÖüÖ¥üÖ≥üÖæ,38
250598185,yurikpanic,Yuri Vishnevsky,38
754269392586862596,JustAReader10,JustAReader,38
25501829,haujie,Hauke,38
16472630,mike_bochenek,Mike Bochenek,38
15157100,ajazam,Abdul Jabbar Azam,38
6748002,thedoc,Mario Camou,38
